"stage","measure","null","estimate","se","df","conf_low","conf_high","p","n_pairs","n_polls"
"historical","H",0,0.0128493544739435,0.00311221149494293,13.8595300038354,0.00616797212911314,0.0195307368187738,0.00104400498138316,2480,21
"historical","Hb",0.5,0.585887096774194,0.0202224326234832,13.8595300038354,0.542473015012845,0.629301178535542,0.000830271394219183,2480,21
"historical","P",0,-0.0222107255855015,0.00837970055613501,13.9485489880194,-0.0401896172862225,-0.00423183388478049,0.0190558064808533,2431,21
"historical","Pb",0.5,0.439736733854381,0.0406815610683083,13.9485489880194,0.352453259252428,0.527020208456334,0.160750123489715,2431,21
"historical","gender_D",0,0.00175429996191234,0.00352039543651967,13.9207751201194,-0.00580023066433893,0.0093088305881636,0.626035740510829,2436,21
"historical","gender_Db",0.5,0.471264367816092,0.0141952527007765,13.9207751201194,0.44080231512652,0.501726420505664,0.0625657877377022,2436,21
"historical","educ_D",0,0.0100425158300509,0.00313244695460156,14.0098249877648,0.00332452729815974,0.016760504361942,0.00633996623012214,2385,21
"historical","educ_Db",0.5,0.523270440251572,0.0171456010664876,14.0098249877648,0.486499202619651,0.560041677883494,0.196173370360819,2385,21
"historical","income_D",0,0.00150626359145496,0.00418917325863058,7.39939491719995,-0.00829219077858364,0.0113047179614936,0.72921930245543,1144,11
"historical","income_Db",0.5,0.505244755244755,0.0175306357671474,7.39939491719995,0.464240689755635,0.546248820733876,0.773034706985812,1144,11
"historical","triple_D",0,0.0128518499469044,0.00593830842749608,7.50415982653461,-0.00100102047783198,0.0267047203716408,0.064597679250852,983,11
"historical","triple_Db",0.5,0.51881993896236,0.0152819092069643,7.50415982653461,0.483170340988224,0.554469536936497,0.255323694409537,983,11
"corrected","H",0,0.0147323129912992,0.00271658397262167,13.8294838354172,0.00889907285984042,0.020565553122758,9.37380532310851e-05,2476,21
"corrected","Hb",0.5,0.588045234248788,0.0214072748678885,13.8294838354172,0.542078028330237,0.634012440167339,0.00108119599050712,2476,21
"corrected","P",0,-0.0114970778743358,0.0067976788012368,13.9175842173716,-0.0260847527557177,0.00309059700704599,0.113034864176308,2427,21
"corrected","Pb",0.5,0.484136794396374,0.0320214872168265,13.9175842173716,0.415419360343385,0.552854228449363,0.628052979440004,2427,21
"corrected","gender_D",0,0.00202339884581531,0.00336554311873867,13.8756936101485,-0.00520104470764438,0.00924784239927501,0.557394741372739,2431,21
"corrected","gender_Db",0.5,0.486219662690251,0.0102992127198196,13.8756936101485,0.464111468465927,0.508327856914575,0.202412362382761,2431,21
"corrected","educ_D",0,0.0137805249123243,0.00322790793246683,13.7315050761459,0.00684462943491966,0.020716420389729,0.000811765925863161,2386,21
"corrected","educ_Db",0.5,0.546521374685666,0.0160686653782861,13.7315050761459,0.511994186842359,0.581048562528974,0.0119476793269149,2386,21
"corrected","income_D",0,0.00224771918033105,0.00439669381401143,7.39289892055318,-0.00803784387443632,0.0125332822350984,0.624102351901039,1145,11
"corrected","income_Db",0.5,0.499563318777293,0.0155406889986425,7.39289892055318,0.463207651684744,0.535918985869841,0.978326598233495,1145,11
"corrected","triple_D",0,0.0145020149268549,0.00490088728701293,6.90134721941089,0.00287959142870444,0.0261244384250053,0.0214817907293945,822,11
"corrected","triple_Db",0.5,0.543795620437956,0.0138589489665592,6.90134721941089,0.510929209787084,0.576662031088828,0.0162268209688684,822,11
"participants","H",0,0.014542963707889,0.00272023040257801,13.8294838354172,0.00870189370561731,0.0203840337101606,0.000107558281423009,2476,21
"participants","Hb",0.5,0.588852988691437,0.0213317453128126,13.8294838354172,0.543047965144651,0.634658012238223,0.000976822767557254,2476,21
"participants","P",0,-0.0115687848783902,0.00679856971783727,13.9325751150381,-0.0261568896549862,0.00301931989820585,0.111019602906699,2429,21
"participants","Pb",0.5,0.481679703581721,0.0321597396569212,13.9325751150381,0.412672593090184,0.550686814073258,0.577974678849302,2429,21
"participants","gender_D",0,0.0019674412609578,0.0033289020164535,13.885722766265,-0.00517785998752915,0.00911274250944475,0.564005597293683,2433,21
"participants","gender_Db",0.5,0.485819975339088,0.00965276541834637,13.885722766265,0.46510085640613,0.506539094272045,0.164118531042666,2433,21
"participants","educ_D",0,0.0140760844775165,0.00311694052902869,13.7315050761459,0.00737862774364121,0.0207735412113918,0.00050745721502401,2386,21
"participants","educ_Db",0.5,0.546940486169321,0.0148723333953085,13.7315050761459,0.514983890103663,0.578897082234979,0.00714871890224628,2386,21
"participants","income_D",0,0.0029453380354054,0.00448717973048684,7.39218938950599,-0.0075520983495908,0.0134427744204016,0.531468589693409,1144,11
"participants","income_Db",0.5,0.503496503496503,0.0159572600218416,7.39218938950599,0.466165633770019,0.540827373222988,0.832487008725786,1144,11
"participants","triple_D",0,0.0144135348501209,0.00495032950208468,6.89523001563741,0.00267171303514967,0.0261553566650922,0.0229910988466689,821,11
"participants","triple_Db",0.5,0.545676004872107,0.0127850708751367,6.89523001563741,0.51535074590815,0.576001263836064,0.0092966999856944,821,11
"plain","H",0,0.0157576260528742,0.00323223864040949,13.8294838354172,0.00881713595880474,0.0226981161469436,0.000254140427848143,2476,21
"plain","Hb",0.5,0.59248788368336,0.0223094860926293,13.8294838354172,0.544583386381126,0.640392380985594,0.00101461456211209,2476,21
"plain","P",0,-0.0126755571925563,0.00668683230090687,13.9325751150381,-0.0270239001937644,0.00167278580865182,0.0789493044801996,2429,21
"plain","Pb",0.5,0.481268011527378,0.0320703363757121,13.9325751150381,0.412452739097047,0.550083283957708,0.568496300362155,2429,21
"plain","gender_D",0,0.00121358372642608,0.00379265341608067,13.8707845287914,-0.0069279637583385,0.00935513121119067,0.753750399608486,2428,21
"plain","gender_Db",0.5,0.481878088962109,0.0110789148217149,13.8707845287914,0.4580953961597,0.505660781764518,0.124380551104211,2428,21
"plain","educ_D",0,0.0136104676822422,0.0031206453917468,13.7259382452842,0.00690478966812664,0.0203161456963578,0.000681154490360396,2385,21
"plain","educ_Db",0.5,0.546750524109015,0.0147439917775834,13.7259382452842,0.515068468286613,0.578432579931417,0.00694901752937978,2385,21
"plain","income_D",0,0.0030992623029114,0.00448392877477627,7.39218938950599,-0.00739056870347019,0.013589093309293,0.510561333390347,1144,11
"plain","income_Db",0.5,0.502622377622378,0.0159971009378863,7.39218938950599,0.465198302919311,0.540046452325444,0.87418022344986,1144,11
"plain","triple_D",0,0.0143886566753808,0.00493622489538859,6.91041230562387,0.00268559375656538,0.0260917195941961,0.0228285717078788,822,11
"plain","triple_Db",0.5,0.543795620437956,0.0123459547431699,6.91041230562387,0.514525178305722,0.57306606257019,0.00957810611883126,822,11
"primary","H",0,0.0157576260528742,0.00323223864040949,13.8294838354172,0.00881713595880474,0.0226981161469436,0.000254140427848143,2476,21
"primary","Hb",0.5,0.59248788368336,0.0223094860926293,13.8294838354172,0.544583386381126,0.640392380985594,0.00101461456211209,2476,21
"primary","P",0,-0.0126755571925563,0.00668683230090687,13.9325751150381,-0.0270239001937644,0.00167278580865182,0.0789493044801996,2429,21
"primary","Pb",0.5,0.481268011527378,0.0320703363757121,13.9325751150381,0.412452739097047,0.550083283957708,0.568496300362155,2429,21
"primary","gender_D",0,0.00121358372642608,0.00379265341608067,13.8707845287914,-0.0069279637583385,0.00935513121119067,0.753750399608486,2428,21
"primary","gender_Db",0.5,0.481878088962109,0.0110789148217149,13.8707845287914,0.4580953961597,0.505660781764518,0.124380551104211,2428,21
"primary","educ_D",0,0.0136104676822422,0.0031206453917468,13.7259382452842,0.00690478966812664,0.0203161456963578,0.000681154490360396,2385,21
"primary","educ_Db",0.5,0.546750524109015,0.0147439917775834,13.7259382452842,0.515068468286613,0.578432579931417,0.00694901752937978,2385,21
"primary","income_D",0,0.0030992623029114,0.00448392877477627,7.39218938950599,-0.00739056870347019,0.013589093309293,0.510561333390347,1144,11
"primary","income_Db",0.5,0.502622377622378,0.0159971009378863,7.39218938950599,0.465198302919311,0.540046452325444,0.87418022344986,1144,11
"primary","triple_D",0,0.0143886566753808,0.00493622489538859,6.91041230562387,0.00268559375656538,0.0260917195941961,0.0228285717078788,822,11
"primary","triple_Db",0.5,0.543795620437956,0.0123459547431699,6.91041230562387,0.514525178305722,0.57306606257019,0.00957810611883126,822,11
