"stage","poll_id","measure","estimate","n_pairs"
"historical",12,"H",-0.00926790688375734,32
"historical",13,"H",0.0224577366034438,216
"historical",20,"H",0.0219544521758525,270
"historical",15,"H",0.0146125822582268,90
"historical",17,"H",0.0303633424807464,104
"historical",18,"H",0.00364346633549083,330
"historical",1,"H",-0.060969230468612,64
"historical",2,"H",0.00267021276960038,135
"historical",3,"H",0.0213214982427488,60
"historical",4,"H",0.0182136054509316,60
"historical",5,"H",0.0258454304977542,48
"historical",6,"H",-6.75536022110555e-05,100
"historical",7,"H",0.021943787410902,126
"historical",8,"H",0.0205659983412844,96
"historical",19,"H",0.0147660774024558,84
"historical",21,"H",0.0284952334123401,84
"historical",10,"H",0.0161525447159814,204
"historical",9,"H",0.0183114141011871,144
"historical",16,"H",0.00330665219105741,48
"historical",14,"H",0.00659362322849623,135
"historical",11,"H",0.00581462308121045,50
"historical",12,"Hb",0.53125,32
"historical",13,"Hb",0.694444444444444,216
"historical",20,"Hb",0.614814814814815,270
"historical",15,"Hb",0.6,90
"historical",17,"Hb",0.663461538461539,104
"historical",18,"Hb",0.53030303030303,330
"historical",1,"Hb",0.328125,64
"historical",2,"Hb",0.481481481481482,135
"historical",3,"Hb",0.566666666666667,60
"historical",4,"Hb",0.65,60
"historical",5,"Hb",0.645833333333333,48
"historical",6,"Hb",0.52,100
"historical",7,"Hb",0.738095238095238,126
"historical",8,"Hb",0.666666666666667,96
"historical",19,"Hb",0.654761904761905,84
"historical",21,"Hb",0.666666666666667,84
"historical",10,"Hb",0.514705882352941,204
"historical",9,"Hb",0.569444444444444,144
"historical",16,"Hb",0.479166666666667,48
"historical",14,"Hb",0.548148148148148,135
"historical",11,"Hb",0.56,50
"historical",12,"P",0.0299287817659724,32
"historical",13,"P",0.021046686061933,210
"historical",20,"P",-0.0542793500667261,266
"historical",15,"P",-0.0247704406905136,89
"historical",17,"P",-0.0120985865262155,101
"historical",18,"P",-0.0175138094369662,319
"historical",1,"P",-0.193734970248846,62
"historical",2,"P",-0.0278135038060126,133
"historical",3,"P",0.00292853339770726,60
"historical",4,"P",-0.034345648458641,60
"historical",5,"P",-0.110292968703873,47
"historical",6,"P",-0.0100869273702585,100
"historical",7,"P",-0.0433189288097581,124
"historical",8,"P",0.0225466394632719,96
"historical",19,"P",0.0124665456613051,82
"historical",21,"P",0.0367914950533059,82
"historical",10,"P",-0.0489220307625597,198
"historical",9,"P",-0.00823171022402644,143
"historical",16,"P",0.00945105159517762,47
"historical",14,"P",-0.012042602214522,131
"historical",11,"P",-0.0197309858009138,49
"historical",12,"Pb",0.65625,32
"historical",13,"Pb",0.690476190476191,210
"historical",20,"Pb",0.18421052631579,266
"historical",15,"Pb",0.382022471910112,89
"historical",17,"Pb",0.465346534653465,101
"historical",18,"Pb",0.42319749216301,319
"historical",1,"Pb",0.209677419354839,62
"historical",2,"Pb",0.37593984962406,133
"historical",3,"Pb",0.55,60
"historical",4,"Pb",0.383333333333333,60
"historical",5,"Pb",0.468085106382978,47
"historical",6,"Pb",0.43,100
"historical",7,"Pb",0.379032258064516,124
"historical",8,"Pb",0.59375,96
"historical",19,"Pb",0.621951219512195,82
"historical",21,"Pb",0.634146341463415,82
"historical",10,"Pb",0.368686868686869,198
"historical",9,"Pb",0.426573426573427,143
"historical",16,"Pb",0.595744680851064,47
"historical",14,"Pb",0.48854961832061,131
"historical",11,"Pb",0.428571428571428,49
"historical",12,"gender_D",0.0438507585436611,32
"historical",13,"gender_D",1.56599969062994e-05,209
"historical",20,"gender_D",-0.00352094939732,264
"historical",15,"gender_D",0.0136167709648615,90
"historical",17,"gender_D",-0.00057027168665574,99
"historical",18,"gender_D",0.00302413006072746,324
"historical",1,"gender_D",0.0137515301788309,62
"historical",2,"gender_D",-0.0164975686324094,133
"historical",3,"gender_D",-0.00463123845767894,60
"historical",4,"gender_D",0.00598550782745884,60
"historical",5,"gender_D",0.112672703330948,47
"historical",6,"gender_D",0.00185506579356449,99
"historical",7,"gender_D",0.0165024119036107,126
"historical",8,"gender_D",-0.0198165454578215,96
"historical",19,"gender_D",-0.00655641501482582,84
"historical",21,"gender_D",-0.0135606046259382,81
"historical",10,"gender_D",0.0182454564237361,197
"historical",9,"gender_D",-0.0182661548803592,144
"historical",16,"gender_D",-0.0269443816749503,48
"historical",14,"gender_D",-0.00429399314267467,133
"historical",11,"gender_D",-0.00413896611966464,48
"historical",12,"gender_Db",0.59375,32
"historical",13,"gender_Db",0.4688995215311,209
"historical",20,"gender_Db",0.40530303030303,264
"historical",15,"gender_Db",0.511111111111111,90
"historical",17,"gender_Db",0.484848484848485,99
"historical",18,"gender_Db",0.509259259259259,324
"historical",1,"gender_Db",0.532258064516129,62
"historical",2,"gender_Db",0.406015037593985,133
"historical",3,"gender_Db",0.45,60
"historical",4,"gender_Db",0.533333333333333,60
"historical",5,"gender_Db",0.680851063829787,47
"historical",6,"gender_Db",0.494949494949495,99
"historical",7,"gender_Db",0.523809523809524,126
"historical",8,"gender_Db",0.40625,96
"historical",19,"gender_Db",0.452380952380952,84
"historical",21,"gender_Db",0.444444444444444,81
"historical",10,"gender_Db",0.527918781725888,197
"historical",9,"gender_Db",0.381944444444444,144
"historical",16,"gender_Db",0.375,48
"historical",14,"gender_Db",0.466165413533835,133
"historical",11,"gender_Db",0.416666666666667,48
"historical",12,"educ_D",-0.00454108872332738,31
"historical",13,"educ_D",0.0178802086631723,194
"historical",20,"educ_D",0.000888177043714402,259
"historical",15,"educ_D",0.00721538771909485,88
"historical",17,"educ_D",0.0174137277317649,98
"historical",18,"educ_D",0.0069501990988455,321
"historical",1,"educ_D",-0.0151913019838432,61
"historical",2,"educ_D",-0.00264027403831514,131
"historical",3,"educ_D",0.00659675021811002,59
"historical",4,"educ_D",0.00970503396362281,60
"historical",5,"educ_D",0.121219584345733,48
"historical",6,"educ_D",0.0183237370358497,100
"historical",7,"educ_D",0.00429924354655779,125
"historical",8,"educ_D",-0.00228524991945342,94
"historical",19,"educ_D",0.01762385997392,82
"historical",21,"educ_D",0.0297308635636316,83
"historical",10,"educ_D",0.0132162481162084,188
"historical",9,"educ_D",0.0031273781456215,134
"historical",16,"educ_D",-0.0149466153828103,47
"historical",14,"educ_D",0.00332954064066657,132
"historical",11,"educ_D",0.0318968337218337,50
"historical",12,"educ_Db",0.483870967741935,31
"historical",13,"educ_Db",0.541237113402062,194
"historical",20,"educ_Db",0.405405405405405,259
"historical",15,"educ_Db",0.590909090909091,88
"historical",17,"educ_Db",0.530612244897959,98
"historical",18,"educ_Db",0.504672897196262,321
"historical",1,"educ_Db",0.508196721311475,61
"historical",2,"educ_Db",0.534351145038168,131
"historical",3,"educ_Db",0.474576271186441,59
"historical",4,"educ_Db",0.583333333333333,60
"historical",5,"educ_Db",0.75,48
"historical",6,"educ_Db",0.62,100
"historical",7,"educ_Db",0.536,125
"historical",8,"educ_Db",0.51063829787234,94
"historical",19,"educ_Db",0.48780487804878,82
"historical",21,"educ_Db",0.578313253012048,83
"historical",10,"educ_Db",0.553191489361702,188
"historical",9,"educ_Db",0.455223880597015,134
"historical",16,"educ_Db",0.446808510638298,47
"historical",14,"educ_Db",0.522727272727273,132
"historical",11,"educ_Db",0.74,50
"historical",12,"income_D",0.0549504125577946,28
"historical",13,"income_D",-0.00301298403790446,216
"historical",15,"income_D",0.0139431736187932,90
"historical",17,"income_D",-0.031172839848438,96
"historical",2,"income_D",0.00673254120885304,132
"historical",4,"income_D",-0.00527107892968829,60
"historical",5,"income_D",0.00400241749975787,47
"historical",8,"income_D",-0.00418402600283083,96
"historical",10,"income_D",0.0108169410117079,198
"historical",16,"income_D",-0.0216591255923783,48
"historical",14,"income_D",0.00836143930123352,133
"historical",12,"income_Db",0.714285714285714,28
"historical",13,"income_Db",0.467592592592593,216
"historical",15,"income_Db",0.611111111111111,90
"historical",17,"income_Db",0.416666666666667,96
"historical",2,"income_Db",0.515151515151515,132
"historical",4,"income_Db",0.55,60
"historical",5,"income_Db",0.468085106382979,47
"historical",8,"income_Db",0.53125,96
"historical",10,"income_Db",0.51010101010101,198
"historical",16,"income_Db",0.333333333333333,48
"historical",14,"income_Db",0.533834586466165,133
"historical",12,"triple_D",0.0223800706816293,22
"historical",13,"triple_D",0.00677416303821639,207
"historical",15,"triple_D",0.00680096757898723,90
"historical",17,"triple_D",0.0112407055158042,74
"historical",2,"triple_D",-0.0129932112747264,104
"historical",4,"triple_D",0.0116819261434767,56
"historical",5,"triple_D",0.0887658714742048,45
"historical",8,"triple_D",0.00530788623332483,90
"historical",10,"triple_D",0.0353391046694617,127
"historical",16,"triple_D",-0.0136514792595581,45
"historical",14,"triple_D",0.0133824252721863,123
"historical",12,"triple_Db",0.590909090909091,22
"historical",13,"triple_Db",0.48792270531401,207
"historical",15,"triple_Db",0.511111111111111,90
"historical",17,"triple_Db",0.472972972972973,74
"historical",2,"triple_Db",0.451923076923077,104
"historical",4,"triple_Db",0.553571428571428,56
"historical",5,"triple_Db",0.622222222222222,45
"historical",8,"triple_Db",0.555555555555556,90
"historical",10,"triple_Db",0.574803149606299,127
"historical",16,"triple_Db",0.466666666666667,45
"historical",14,"triple_Db",0.528455284552846,123
"corrected",12,"H",-0.0128501206508603,32
"corrected",13,"H",0.0224577366034438,216
"corrected",20,"H",0.00929627619727143,270
"corrected",15,"H",0.0139254674121729,90
"corrected",17,"H",0.0303633424807464,104
"corrected",18,"H",0.00364346633549083,330
"corrected",1,"H",-0.0219257523375271,60
"corrected",2,"H",0.0127243338719547,135
"corrected",3,"H",0.0213214982427488,60
"corrected",4,"H",0.0262570218632976,60
"corrected",5,"H",0.022886905866293,48
"corrected",6,"H",0.00243771027623169,100
"corrected",7,"H",0.0319658366299386,126
"corrected",8,"H",0.0205659983412845,96
"corrected",19,"H",0.0276403446289996,84
"corrected",21,"H",0.0307091907115368,84
"corrected",10,"H",0.0161960724131495,204
"corrected",9,"H",0.0264207620191317,144
"corrected",16,"H",0.00330665219105742,48
"corrected",14,"H",0.0063214573098707,135
"corrected",11,"H",0.00581462308121045,50
"corrected",12,"Hb",0.5,32
"corrected",13,"Hb",0.694444444444444,216
"corrected",20,"Hb",0.533333333333333,270
"corrected",15,"Hb",0.577777777777778,90
"corrected",17,"Hb",0.663461538461539,104
"corrected",18,"Hb",0.53030303030303,330
"corrected",1,"Hb",0.283333333333333,60
"corrected",2,"Hb",0.555555555555556,135
"corrected",3,"Hb",0.566666666666667,60
"corrected",4,"Hb",0.7,60
"corrected",5,"Hb",0.604166666666667,48
"corrected",6,"Hb",0.53,100
"corrected",7,"Hb",0.73015873015873,126
"corrected",8,"Hb",0.666666666666667,96
"corrected",19,"Hb",0.738095238095238,84
"corrected",21,"Hb",0.666666666666667,84
"corrected",10,"Hb",0.514705882352941,204
"corrected",9,"Hb",0.666666666666667,144
"corrected",16,"Hb",0.479166666666667,48
"corrected",14,"Hb",0.548148148148148,135
"corrected",11,"Hb",0.56,50
"corrected",12,"P",0.0333555008359696,32
"corrected",13,"P",0.021046686061933,210
"corrected",20,"P",-0.0411987132603011,266
"corrected",15,"P",-0.0250820635040332,89
"corrected",17,"P",-0.0120985865262155,101
"corrected",18,"P",-0.0175138094369662,319
"corrected",1,"P",0.0317772601431323,58
"corrected",2,"P",-0.0128083599253712,133
"corrected",3,"P",0.00292853339770728,60
"corrected",4,"P",-0.0120608608934024,60
"corrected",5,"P",-0.104142458110309,47
"corrected",6,"P",-0.00832520131717216,100
"corrected",7,"P",-0.026990489317498,124
"corrected",8,"P",0.0225466394632719,96
"corrected",19,"P",0.0175189140535099,82
"corrected",21,"P",0.0328488610891511,82
"corrected",10,"P",-0.0523332116145085,198
"corrected",9,"P",0.00818263868850151,143
"corrected",16,"P",0.00945105159517763,47
"corrected",14,"P",-0.00372759546587056,131
"corrected",11,"P",-0.0197309858009138,49
"corrected",12,"Pb",0.625,32
"corrected",13,"Pb",0.690476190476191,210
"corrected",20,"Pb",0.323308270676692,266
"corrected",15,"Pb",0.370786516853933,89
"corrected",17,"Pb",0.465346534653465,101
"corrected",18,"Pb",0.42319749216301,319
"corrected",1,"Pb",0.603448275862069,58
"corrected",2,"Pb",0.466165413533835,133
"corrected",3,"Pb",0.55,60
"corrected",4,"Pb",0.45,60
"corrected",5,"Pb",0.489361702127659,47
"corrected",6,"Pb",0.44,100
"corrected",7,"Pb",0.419354838709677,124
"corrected",8,"Pb",0.59375,96
"corrected",19,"Pb",0.634146341463415,82
"corrected",21,"Pb",0.634146341463415,82
"corrected",10,"Pb",0.368686868686869,198
"corrected",9,"Pb",0.531468531468531,143
"corrected",16,"Pb",0.595744680851064,47
"corrected",14,"Pb",0.564885496183206,131
"corrected",11,"Pb",0.428571428571428,49
"corrected",12,"gender_D",0.0248084688608882,31
"corrected",13,"gender_D",1.56599969062962e-05,209
"corrected",20,"gender_D",0.0015237871673792,263
"corrected",15,"gender_D",0.00881501257965217,90
"corrected",17,"gender_D",-0.00057027168665575,99
"corrected",18,"gender_D",0.00200804681133626,325
"corrected",1,"gender_D",-0.0178795918368687,58
"corrected",2,"gender_D",-0.00696672801742458,133
"corrected",3,"gender_D",-0.00463123845767892,60
"corrected",4,"gender_D",-0.000654134279018995,60
"corrected",5,"gender_D",0.106622535656875,47
"corrected",6,"gender_D",0.00360822205968124,99
"corrected",7,"gender_D",0.0199027240539267,126
"corrected",8,"gender_D",-0.0198165454578215,96
"corrected",19,"gender_D",-0.00674606956936876,84
"corrected",21,"gender_D",-0.00956929616839876,81
"corrected",10,"gender_D",0.0217081579931486,197
"corrected",9,"gender_D",-0.0167509405354178,144
"corrected",16,"gender_D",-0.0269443816749503,48
"corrected",14,"gender_D",-0.00276256408471968,133
"corrected",11,"gender_D",-0.00413896611966464,48
"corrected",12,"gender_Db",0.580645161290323,31
"corrected",13,"gender_Db",0.4688995215311,209
"corrected",20,"gender_Db",0.505703422053232,263
"corrected",15,"gender_Db",0.477777777777778,90
"corrected",17,"gender_Db",0.484848484848485,99
"corrected",18,"gender_Db",0.507692307692308,325
"corrected",1,"gender_Db",0.379310344827586,58
"corrected",2,"gender_Db",0.458646616541353,133
"corrected",3,"gender_Db",0.45,60
"corrected",4,"gender_Db",0.483333333333333,60
"corrected",5,"gender_Db",0.680851063829787,47
"corrected",6,"gender_Db",0.505050505050505,99
"corrected",7,"gender_Db",0.579365079365079,126
"corrected",8,"gender_Db",0.40625,96
"corrected",19,"gender_Db",0.464285714285714,84
"corrected",21,"gender_Db",0.444444444444444,81
"corrected",10,"gender_Db",0.527918781725888,197
"corrected",9,"gender_Db",0.451388888888889,144
"corrected",16,"gender_Db",0.375,48
"corrected",14,"gender_Db",0.466165413533835,133
"corrected",11,"gender_Db",0.416666666666667,48
"corrected",12,"educ_D",-0.0109795252824099,26
"corrected",13,"educ_D",0.0277984990593588,212
"corrected",20,"educ_D",0.00519874609913455,265
"corrected",15,"educ_D",0.0100070888575112,90
"corrected",17,"educ_D",0.0344981036612738,98
"corrected",18,"educ_D",0.00695019909884551,321
"corrected",1,"educ_D",0.00173901042600668,58
"corrected",2,"educ_D",-0.00519352495580771,132
"corrected",3,"educ_D",0.00659675021811,59
"corrected",4,"educ_D",0.0127791574279233,60
"corrected",5,"educ_D",0.102683015768953,40
"corrected",6,"educ_D",0.0186049824448525,100
"corrected",7,"educ_D",0.0250255526479897,126
"corrected",8,"educ_D",0.0027280324643552,95
"corrected",19,"educ_D",0.00120273014411854,83
"corrected",21,"educ_D",0.0120883045319868,83
"corrected",10,"educ_D",0.0150150994193229,188
"corrected",9,"educ_D",0.00878716115594751,133
"corrected",16,"educ_D",-0.0231952832282971,44
"corrected",14,"educ_D",0.0305851355752603,123
"corrected",11,"educ_D",0.0318968337218337,50
"corrected",12,"educ_Db",0.423076923076923,26
"corrected",13,"educ_Db",0.589622641509434,212
"corrected",20,"educ_Db",0.475471698113207,265
"corrected",15,"educ_Db",0.633333333333333,90
"corrected",17,"educ_Db",0.561224489795918,98
"corrected",18,"educ_Db",0.504672897196262,321
"corrected",1,"educ_Db",0.517241379310345,58
"corrected",2,"educ_Db",0.484848484848485,132
"corrected",3,"educ_Db",0.474576271186441,59
"corrected",4,"educ_Db",0.6,60
"corrected",5,"educ_Db",0.7,40
"corrected",6,"educ_Db",0.61,100
"corrected",7,"educ_Db",0.603174603174603,126
"corrected",8,"educ_Db",0.557894736842105,95
"corrected",19,"educ_Db",0.457831325301205,83
"corrected",21,"educ_Db",0.542168674698795,83
"corrected",10,"educ_Db",0.553191489361702,188
"corrected",9,"educ_Db",0.526315789473684,133
"corrected",16,"educ_Db",0.363636363636364,44
"corrected",14,"educ_Db",0.666666666666667,123
"corrected",11,"educ_Db",0.74,50
"corrected",12,"income_D",0.0526566687280973,28
"corrected",13,"income_D",-0.00301298403790445,216
"corrected",15,"income_D",0.0125841537324056,90
"corrected",17,"income_D",-0.031172839848438,96
"corrected",2,"income_D",0.0102572654262577,132
"corrected",4,"income_D",-0.00616671574782785,60
"corrected",5,"income_D",0.00091866614473003,47
"corrected",8,"income_D",0.000529609431747589,96
"corrected",10,"income_D",0.0136644562084519,199
"corrected",16,"income_D",-0.0216591255923783,48
"corrected",14,"income_D",0.0064098527527748,133
"corrected",12,"income_Db",0.607142857142857,28
"corrected",13,"income_Db",0.467592592592593,216
"corrected",15,"income_Db",0.588888888888889,90
"corrected",17,"income_Db",0.416666666666667,96
"corrected",2,"income_Db",0.53030303030303,132
"corrected",4,"income_Db",0.516666666666667,60
"corrected",5,"income_Db",0.48936170212766,47
"corrected",8,"income_Db",0.520833333333333,96
"corrected",10,"income_Db",0.517587939698492,199
"corrected",16,"income_Db",0.333333333333333,48
"corrected",14,"income_Db",0.511278195488722,133
"corrected",12,"triple_D",-0.0328587962962963,15
"corrected",13,"triple_D",0.00970311717198699,189
"corrected",15,"triple_D",0.0128776119336787,78
"corrected",17,"triple_D",0.0283241757473957,65
"corrected",2,"triple_D",-0.0109470151259804,70
"corrected",4,"triple_D",0.0147710351230191,56
"corrected",5,"triple_D",0.0772896085396087,21
"corrected",8,"triple_D",0.00318007329370967,66
"corrected",10,"triple_D",0.0358135316361287,101
"corrected",16,"triple_D",-0.0171869207543945,36
"corrected",14,"triple_D",0.0227346627322248,125
"corrected",12,"triple_Db",0.4,15
"corrected",13,"triple_Db",0.53968253968254,189
"corrected",15,"triple_Db",0.564102564102564,78
"corrected",17,"triple_Db",0.507692307692308,65
"corrected",2,"triple_Db",0.457142857142857,70
"corrected",4,"triple_Db",0.571428571428572,56
"corrected",5,"triple_Db",0.714285714285714,21
"corrected",8,"triple_Db",0.515151515151515,66
"corrected",10,"triple_Db",0.584158415841584,101
"corrected",16,"triple_Db",0.472222222222222,36
"corrected",14,"triple_Db",0.584,125
"participants",12,"H",-0.0120901085095914,32
"participants",13,"H",0.0224577366034438,216
"participants",20,"H",0.00859649253501288,270
"participants",15,"H",0.0139254674121729,90
"participants",17,"H",0.0306093402690303,104
"participants",18,"H",0.00364346633549083,330
"participants",1,"H",-0.0237032431519557,60
"participants",2,"H",0.0123242848342544,135
"participants",3,"H",0.0213214982427488,60
"participants",4,"H",0.0262570218632976,60
"participants",5,"H",0.022886905866293,48
"participants",6,"H",0.00243771027623169,100
"participants",7,"H",0.0305896391112779,126
"participants",8,"H",0.0205659983412845,96
"participants",19,"H",0.0276403446289996,84
"participants",21,"H",0.0307091907115368,84
"participants",10,"H",0.0161960724131495,204
"participants",9,"H",0.0264207620191317,144
"participants",16,"H",0.00330665219105742,48
"participants",14,"H",0.00635305405720652,135
"participants",11,"H",0.00581462308121045,50
"participants",12,"Hb",0.53125,32
"participants",13,"Hb",0.694444444444444,216
"participants",20,"Hb",0.540740740740741,270
"participants",15,"Hb",0.577777777777778,90
"participants",17,"Hb",0.663461538461539,104
"participants",18,"Hb",0.53030303030303,330
"participants",1,"Hb",0.266666666666667,60
"participants",2,"Hb",0.555555555555556,135
"participants",3,"Hb",0.566666666666667,60
"participants",4,"Hb",0.7,60
"participants",5,"Hb",0.604166666666667,48
"participants",6,"Hb",0.53,100
"participants",7,"Hb",0.73015873015873,126
"participants",8,"Hb",0.666666666666667,96
"participants",19,"Hb",0.738095238095238,84
"participants",21,"Hb",0.666666666666667,84
"participants",10,"Hb",0.514705882352941,204
"participants",9,"Hb",0.666666666666667,144
"participants",16,"Hb",0.479166666666667,48
"participants",14,"Hb",0.548148148148148,135
"participants",11,"Hb",0.56,50
"participants",12,"P",0.0334097543081918,32
"participants",13,"P",0.021046686061933,210
"participants",20,"P",-0.0419296001815425,265
"participants",15,"P",-0.0250820635040332,89
"participants",17,"P",-0.0123205730290788,101
"participants",18,"P",-0.0175138094369662,319
"participants",1,"P",0.0260349232363684,58
"participants",2,"P",-0.0121554735001975,134
"participants",3,"P",0.00292853339770728,60
"participants",4,"P",-0.0120608608934024,60
"participants",5,"P",-0.104142458110309,47
"participants",6,"P",-0.00832520131717216,100
"participants",7,"P",-0.0255230312791497,125
"participants",8,"P",0.0225466394632719,96
"participants",19,"P",0.0175189140535099,82
"participants",21,"P",0.0328488610891511,82
"participants",10,"P",-0.0523332116145085,198
"participants",9,"P",0.00818263868850151,143
"participants",16,"P",0.00945105159517763,47
"participants",14,"P",-0.00310893389401943,132
"participants",11,"P",-0.0197309858009138,49
"participants",12,"Pb",0.625,32
"participants",13,"Pb",0.690476190476191,210
"participants",20,"Pb",0.320754716981132,265
"participants",15,"Pb",0.370786516853933,89
"participants",17,"Pb",0.475247524752475,101
"participants",18,"Pb",0.42319749216301,319
"participants",1,"Pb",0.551724137931034,58
"participants",2,"Pb",0.470149253731343,134
"participants",3,"Pb",0.55,60
"participants",4,"Pb",0.45,60
"participants",5,"Pb",0.489361702127659,47
"participants",6,"Pb",0.44,100
"participants",7,"Pb",0.384,125
"participants",8,"Pb",0.59375,96
"participants",19,"Pb",0.634146341463415,82
"participants",21,"Pb",0.634146341463415,82
"participants",10,"Pb",0.368686868686869,198
"participants",9,"Pb",0.531468531468531,143
"participants",16,"Pb",0.595744680851064,47
"participants",14,"Pb",0.568181818181818,132
"participants",11,"Pb",0.428571428571428,49
"participants",12,"gender_D",0.0248644724451176,31
"participants",13,"gender_D",1.56599969062962e-05,209
"participants",20,"gender_D",0.00201508430931379,263
"participants",15,"gender_D",0.00881501257965217,90
"participants",17,"gender_D",0.00028818059755801,99
"participants",18,"gender_D",0.00200804681133626,325
"participants",1,"gender_D",-0.0162742581953698,59
"participants",2,"gender_D",-0.00695504992976731,134
"participants",3,"gender_D",-0.00463123845767892,60
"participants",4,"gender_D",-0.000654134279018995,60
"participants",5,"gender_D",0.106622535656875,47
"participants",6,"gender_D",0.00360822205968124,99
"participants",7,"gender_D",0.0175371394214036,126
"participants",8,"gender_D",-0.0198165454578215,96
"participants",19,"gender_D",-0.00674606956936876,84
"participants",21,"gender_D",-0.00956929616839876,81
"participants",10,"gender_D",0.0217081579931486,197
"participants",9,"gender_D",-0.0167509405354178,144
"participants",16,"gender_D",-0.0269443816749503,48
"participants",14,"gender_D",-0.00367535812145698,133
"participants",11,"gender_D",-0.00413896611966464,48
"participants",12,"gender_Db",0.580645161290323,31
"participants",13,"gender_Db",0.4688995215311,209
"participants",20,"gender_Db",0.505703422053232,263
"participants",15,"gender_Db",0.477777777777778,90
"participants",17,"gender_Db",0.494949494949495,99
"participants",18,"gender_Db",0.507692307692308,325
"participants",1,"gender_Db",0.406779661016949,59
"participants",2,"gender_Db",0.462686567164179,134
"participants",3,"gender_Db",0.45,60
"participants",4,"gender_Db",0.483333333333333,60
"participants",5,"gender_Db",0.680851063829787,47
"participants",6,"gender_Db",0.505050505050505,99
"participants",7,"gender_Db",0.555555555555556,126
"participants",8,"gender_Db",0.40625,96
"participants",19,"gender_Db",0.464285714285714,84
"participants",21,"gender_Db",0.444444444444444,81
"participants",10,"gender_Db",0.527918781725888,197
"participants",9,"gender_Db",0.451388888888889,144
"participants",16,"gender_Db",0.375,48
"participants",14,"gender_Db",0.458646616541353,133
"participants",11,"gender_Db",0.416666666666667,48
"participants",12,"educ_D",-0.0110462987866834,26
"participants",13,"educ_D",0.0277984990593588,212
"participants",20,"educ_D",0.00767192250960287,265
"participants",15,"educ_D",0.0100070888575112,90
"participants",17,"educ_D",0.0334797201127943,98
"participants",18,"educ_D",0.00695019909884551,321
"participants",1,"educ_D",0.00157223637968876,58
"participants",2,"educ_D",-0.00374561296206517,132
"participants",3,"educ_D",0.00659675021811,59
"participants",4,"educ_D",0.0127791574279233,60
"participants",5,"educ_D",0.102683015768953,40
"participants",6,"educ_D",0.0186049824448525,100
"participants",7,"educ_D",0.0247866604586952,126
"participants",8,"educ_D",0.0027280324643552,95
"participants",19,"educ_D",0.00120273014411854,83
"participants",21,"educ_D",0.0120883045319868,83
"participants",10,"educ_D",0.0150150994193229,188
"participants",9,"educ_D",0.00878716115594751,133
"participants",16,"educ_D",-0.0231952832282971,44
"participants",14,"educ_D",0.0305851355752603,123
"participants",11,"educ_D",0.0318968337218337,50
"participants",12,"educ_Db",0.423076923076923,26
"participants",13,"educ_Db",0.589622641509434,212
"participants",20,"educ_Db",0.490566037735849,265
"participants",15,"educ_Db",0.633333333333333,90
"participants",17,"educ_Db",0.551020408163265,98
"participants",18,"educ_Db",0.504672897196262,321
"participants",1,"educ_Db",0.5,58
"participants",2,"educ_Db",0.5,132
"participants",3,"educ_Db",0.474576271186441,59
"participants",4,"educ_Db",0.6,60
"participants",5,"educ_Db",0.7,40
"participants",6,"educ_Db",0.61,100
"participants",7,"educ_Db",0.579365079365079,126
"participants",8,"educ_Db",0.557894736842105,95
"participants",19,"educ_Db",0.457831325301205,83
"participants",21,"educ_Db",0.542168674698795,83
"participants",10,"educ_Db",0.553191489361702,188
"participants",9,"educ_Db",0.526315789473684,133
"participants",16,"educ_Db",0.363636363636364,44
"participants",14,"educ_Db",0.666666666666667,123
"participants",11,"educ_Db",0.74,50
"participants",12,"income_D",0.062918325474129,28
"participants",13,"income_D",-0.00301298403790445,216
"participants",15,"income_D",0.0125841537324056,90
"participants",17,"income_D",-0.0301387513227632,96
"participants",2,"income_D",0.0129803318382221,130
"participants",4,"income_D",-0.00616671574782785,60
"participants",5,"income_D",0.00091866614473003,47
"participants",8,"income_D",0.000529609431747589,96
"participants",10,"income_D",0.0136644562084519,199
"participants",16,"income_D",-0.0216591255923783,48
"participants",14,"income_D",0.00692728117229285,134
"participants",12,"income_Db",0.642857142857143,28
"participants",13,"income_Db",0.467592592592593,216
"participants",15,"income_Db",0.588888888888889,90
"participants",17,"income_Db",0.427083333333333,96
"participants",2,"income_Db",0.546153846153846,130
"participants",4,"income_Db",0.516666666666667,60
"participants",5,"income_Db",0.48936170212766,47
"participants",8,"income_Db",0.520833333333333,96
"participants",10,"income_Db",0.517587939698492,199
"participants",16,"income_Db",0.333333333333333,48
"participants",14,"income_Db",0.514925373134328,134
"participants",12,"triple_D",-0.0328587962962963,15
"participants",13,"triple_D",0.00970311717198699,189
"participants",15,"triple_D",0.0128776119336787,78
"participants",17,"triple_D",0.0283241757473957,65
"participants",2,"triple_D",-0.0123686263296238,69
"participants",4,"triple_D",0.0147710351230191,56
"participants",5,"triple_D",0.0772896085396087,21
"participants",8,"triple_D",0.00318007329370967,66
"participants",10,"triple_D",0.0358135316361287,101
"participants",16,"triple_D",-0.0171869207543945,36
"participants",14,"triple_D",0.0227346627322248,125
"participants",12,"triple_Db",0.4,15
"participants",13,"triple_Db",0.53968253968254,189
"participants",15,"triple_Db",0.564102564102564,78
"participants",17,"triple_Db",0.507692307692308,65
"participants",2,"triple_Db",0.478260869565217,69
"participants",4,"triple_Db",0.571428571428572,56
"participants",5,"triple_Db",0.714285714285714,21
"participants",8,"triple_Db",0.515151515151515,66
"participants",10,"triple_Db",0.584158415841584,101
"participants",16,"triple_Db",0.472222222222222,36
"participants",14,"triple_Db",0.584,125
"plain",12,"H",-0.0120901085095914,32
"plain",13,"H",0.0224577366034438,216
"plain",20,"H",0.00859649253501288,270
"plain",15,"H",0.0139254674121729,90
"plain",17,"H",0.0306093402690303,104
"plain",18,"H",0.00364346633549083,330
"plain",1,"H",-0.0237032431519557,60
"plain",2,"H",0.0123242848342544,135
"plain",3,"H",0.0213214982427488,60
"plain",4,"H",0.0262570218632976,60
"plain",5,"H",0.0262346669670651,48
"plain",6,"H",0.00243771027623169,100
"plain",7,"H",0.0305896391112779,126
"plain",8,"H",0.0205659983412845,96
"plain",19,"H",0.0306996699180413,84
"plain",21,"H",0.0314360268721121,84
"plain",10,"H",0.0161960724131495,204
"plain",9,"H",0.0439816916828713,144
"plain",16,"H",0.00330665219105742,48
"plain",14,"H",0.00635305405720652,135
"plain",11,"H",0.00581462308121045,50
"plain",12,"Hb",0.53125,32
"plain",13,"Hb",0.694444444444444,216
"plain",20,"Hb",0.540740740740741,270
"plain",15,"Hb",0.577777777777778,90
"plain",17,"Hb",0.663461538461539,104
"plain",18,"Hb",0.53030303030303,330
"plain",1,"Hb",0.266666666666667,60
"plain",2,"Hb",0.555555555555556,135
"plain",3,"Hb",0.566666666666667,60
"plain",4,"Hb",0.7,60
"plain",5,"Hb",0.645833333333333,48
"plain",6,"Hb",0.53,100
"plain",7,"Hb",0.73015873015873,126
"plain",8,"Hb",0.666666666666667,96
"plain",19,"Hb",0.738095238095238,84
"plain",21,"Hb",0.666666666666667,84
"plain",10,"Hb",0.514705882352941,204
"plain",9,"Hb",0.715277777777778,144
"plain",16,"Hb",0.479166666666667,48
"plain",14,"Hb",0.548148148148148,135
"plain",11,"Hb",0.56,50
"plain",12,"P",0.0334097543081918,32
"plain",13,"P",0.021046686061933,210
"plain",20,"P",-0.0419296001815425,265
"plain",15,"P",-0.0250820635040332,89
"plain",17,"P",-0.0123205730290788,101
"plain",18,"P",-0.0175138094369662,319
"plain",1,"P",0.0260349232363684,58
"plain",2,"P",-0.0121554735001975,134
"plain",3,"P",0.00292853339770728,60
"plain",4,"P",-0.0120608608934024,60
"plain",5,"P",-0.115292529531031,47
"plain",6,"P",-0.00832520131717216,100
"plain",7,"P",-0.0255230312791497,125
"plain",8,"P",0.0225466394632719,96
"plain",19,"P",0.0154701952049015,82
"plain",21,"P",0.0320184553391921,82
"plain",10,"P",-0.0523332116145085,198
"plain",9,"P",-0.00530133597760399,143
"plain",16,"P",0.00945105159517763,47
"plain",14,"P",-0.00310893389401943,132
"plain",11,"P",-0.0197309858009138,49
"plain",12,"Pb",0.625,32
"plain",13,"Pb",0.690476190476191,210
"plain",20,"Pb",0.320754716981132,265
"plain",15,"Pb",0.370786516853933,89
"plain",17,"Pb",0.475247524752475,101
"plain",18,"Pb",0.42319749216301,319
"plain",1,"Pb",0.551724137931034,58
"plain",2,"Pb",0.470149253731343,134
"plain",3,"Pb",0.55,60
"plain",4,"Pb",0.45,60
"plain",5,"Pb",0.489361702127659,47
"plain",6,"Pb",0.44,100
"plain",7,"Pb",0.384,125
"plain",8,"Pb",0.59375,96
"plain",19,"Pb",0.621951219512195,82
"plain",21,"Pb",0.634146341463415,82
"plain",10,"Pb",0.368686868686869,198
"plain",9,"Pb",0.531468531468531,143
"plain",16,"Pb",0.595744680851064,47
"plain",14,"Pb",0.568181818181818,132
"plain",11,"Pb",0.428571428571428,49
"plain",12,"gender_D",0.0248644724451176,31
"plain",13,"gender_D",1.56599969062962e-05,209
"plain",20,"gender_D",0.00201508430931379,263
"plain",15,"gender_D",0.00881501257965217,90
"plain",17,"gender_D",0.00028818059755801,99
"plain",18,"gender_D",0.00200804681133626,325
"plain",1,"gender_D",-0.0162742581953698,59
"plain",2,"gender_D",-0.00695504992976731,134
"plain",3,"gender_D",-0.00463123845767892,60
"plain",4,"gender_D",-0.000654134279018995,60
"plain",5,"gender_D",0.11712734573788,46
"plain",6,"gender_D",0.00360822205968124,99
"plain",7,"gender_D",0.0175371394214036,126
"plain",8,"gender_D",-0.0198165454578215,96
"plain",19,"gender_D",-0.00633092301500005,84
"plain",21,"gender_D",-0.0140601635293771,81
"plain",10,"gender_D",0.0217081579931486,197
"plain",9,"gender_D",-0.030714639426036,140
"plain",16,"gender_D",-0.0269443816749503,48
"plain",14,"gender_D",-0.00367535812145698,133
"plain",11,"gender_D",-0.00413896611966464,48
"plain",12,"gender_Db",0.580645161290323,31
"plain",13,"gender_Db",0.4688995215311,209
"plain",20,"gender_Db",0.505703422053232,263
"plain",15,"gender_Db",0.477777777777778,90
"plain",17,"gender_Db",0.494949494949495,99
"plain",18,"gender_Db",0.507692307692308,325
"plain",1,"gender_Db",0.406779661016949,59
"plain",2,"gender_Db",0.462686567164179,134
"plain",3,"gender_Db",0.45,60
"plain",4,"gender_Db",0.483333333333333,60
"plain",5,"gender_Db",0.673913043478261,46
"plain",6,"gender_Db",0.505050505050505,99
"plain",7,"gender_Db",0.555555555555556,126
"plain",8,"gender_Db",0.40625,96
"plain",19,"gender_Db",0.452380952380952,84
"plain",21,"gender_Db",0.444444444444444,81
"plain",10,"gender_Db",0.527918781725888,197
"plain",9,"gender_Db",0.392857142857143,140
"plain",16,"gender_Db",0.375,48
"plain",14,"gender_Db",0.458646616541353,133
"plain",11,"gender_Db",0.416666666666667,48
"plain",12,"educ_D",-0.0110462987866834,26
"plain",13,"educ_D",0.0277984990593588,212
"plain",20,"educ_D",0.00767192250960287,265
"plain",15,"educ_D",0.0100070888575112,90
"plain",17,"educ_D",0.0334797201127943,98
"plain",18,"educ_D",0.00695019909884551,321
"plain",1,"educ_D",0.00157223637968876,58
"plain",2,"educ_D",-0.00374561296206517,132
"plain",3,"educ_D",0.00659675021811,59
"plain",4,"educ_D",0.0127791574279233,60
"plain",5,"educ_D",0.100156022752177,39
"plain",6,"educ_D",0.0186049824448525,100
"plain",7,"educ_D",0.0247866604586952,126
"plain",8,"educ_D",0.0027280324643552,95
"plain",19,"educ_D",0.00902038998116716,84
"plain",21,"educ_D",0.00483000511501071,83
"plain",10,"educ_D",0.0150150994193229,188
"plain",9,"educ_D",0.0014387025084132,132
"plain",16,"educ_D",-0.0231952832282971,44
"plain",14,"educ_D",0.0305851355752603,123
"plain",11,"educ_D",0.0318968337218337,50
"plain",12,"educ_Db",0.423076923076923,26
"plain",13,"educ_Db",0.589622641509434,212
"plain",20,"educ_Db",0.490566037735849,265
"plain",15,"educ_Db",0.633333333333333,90
"plain",17,"educ_Db",0.551020408163265,98
"plain",18,"educ_Db",0.504672897196262,321
"plain",1,"educ_Db",0.5,58
"plain",2,"educ_Db",0.5,132
"plain",3,"educ_Db",0.474576271186441,59
"plain",4,"educ_Db",0.6,60
"plain",5,"educ_Db",0.692307692307692,39
"plain",6,"educ_Db",0.61,100
"plain",7,"educ_Db",0.579365079365079,126
"plain",8,"educ_Db",0.557894736842105,95
"plain",19,"educ_Db",0.476190476190476,84
"plain",21,"educ_Db",0.530120481927711,83
"plain",10,"educ_Db",0.553191489361702,188
"plain",9,"educ_Db",0.522727272727273,132
"plain",16,"educ_Db",0.363636363636364,44
"plain",14,"educ_Db",0.666666666666667,123
"plain",11,"educ_Db",0.74,50
"plain",12,"income_D",0.062918325474129,28
"plain",13,"income_D",-0.00301298403790445,216
"plain",15,"income_D",0.0125841537324056,90
"plain",17,"income_D",-0.0301387513227632,96
"plain",2,"income_D",0.0129803318382221,130
"plain",4,"income_D",-0.00616671574782785,60
"plain",5,"income_D",0.00466524831551428,47
"plain",8,"income_D",0.000529609431747589,96
"plain",10,"income_D",0.0136644562084519,199
"plain",16,"income_D",-0.0216591255923783,48
"plain",14,"income_D",0.00692728117229285,134
"plain",12,"income_Db",0.642857142857143,28
"plain",13,"income_Db",0.467592592592593,216
"plain",15,"income_Db",0.588888888888889,90
"plain",17,"income_Db",0.427083333333333,96
"plain",2,"income_Db",0.546153846153846,130
"plain",4,"income_Db",0.516666666666667,60
"plain",5,"income_Db",0.468085106382979,47
"plain",8,"income_Db",0.520833333333333,96
"plain",10,"income_Db",0.517587939698492,199
"plain",16,"income_Db",0.333333333333333,48
"plain",14,"income_Db",0.514925373134328,134
"plain",12,"triple_D",-0.0328587962962963,15
"plain",13,"triple_D",0.00970311717198699,189
"plain",15,"triple_D",0.0128776119336787,78
"plain",17,"triple_D",0.0283241757473957,65
"plain",2,"triple_D",-0.0123686263296238,69
"plain",4,"triple_D",0.0147710351230191,56
"plain",5,"triple_D",0.0735020661157025,22
"plain",8,"triple_D",0.00318007329370967,66
"plain",10,"triple_D",0.0358135316361287,101
"plain",16,"triple_D",-0.0171869207543945,36
"plain",14,"triple_D",0.0227346627322248,125
"plain",12,"triple_Db",0.4,15
"plain",13,"triple_Db",0.53968253968254,189
"plain",15,"triple_Db",0.564102564102564,78
"plain",17,"triple_Db",0.507692307692308,65
"plain",2,"triple_Db",0.478260869565217,69
"plain",4,"triple_Db",0.571428571428572,56
"plain",5,"triple_Db",0.636363636363636,22
"plain",8,"triple_Db",0.515151515151515,66
"plain",10,"triple_Db",0.584158415841584,101
"plain",16,"triple_Db",0.472222222222222,36
"plain",14,"triple_Db",0.584,125
"primary",12,"H",-0.0120901085095914,32
"primary",13,"H",0.0224577366034438,216
"primary",20,"H",0.00859649253501288,270
"primary",15,"H",0.0139254674121729,90
"primary",17,"H",0.0306093402690303,104
"primary",18,"H",0.00364346633549083,330
"primary",1,"H",-0.0237032431519557,60
"primary",2,"H",0.0123242848342544,135
"primary",3,"H",0.0213214982427488,60
"primary",4,"H",0.0262570218632976,60
"primary",5,"H",0.0262346669670651,48
"primary",6,"H",0.00243771027623169,100
"primary",7,"H",0.0305896391112779,126
"primary",8,"H",0.0205659983412845,96
"primary",19,"H",0.0306996699180413,84
"primary",21,"H",0.0314360268721121,84
"primary",10,"H",0.0161960724131495,204
"primary",9,"H",0.0439816916828713,144
"primary",16,"H",0.00330665219105742,48
"primary",14,"H",0.00635305405720652,135
"primary",11,"H",0.00581462308121045,50
"primary",12,"Hb",0.53125,32
"primary",13,"Hb",0.694444444444444,216
"primary",20,"Hb",0.540740740740741,270
"primary",15,"Hb",0.577777777777778,90
"primary",17,"Hb",0.663461538461539,104
"primary",18,"Hb",0.53030303030303,330
"primary",1,"Hb",0.266666666666667,60
"primary",2,"Hb",0.555555555555556,135
"primary",3,"Hb",0.566666666666667,60
"primary",4,"Hb",0.7,60
"primary",5,"Hb",0.645833333333333,48
"primary",6,"Hb",0.53,100
"primary",7,"Hb",0.73015873015873,126
"primary",8,"Hb",0.666666666666667,96
"primary",19,"Hb",0.738095238095238,84
"primary",21,"Hb",0.666666666666667,84
"primary",10,"Hb",0.514705882352941,204
"primary",9,"Hb",0.715277777777778,144
"primary",16,"Hb",0.479166666666667,48
"primary",14,"Hb",0.548148148148148,135
"primary",11,"Hb",0.56,50
"primary",12,"P",0.0334097543081918,32
"primary",13,"P",0.021046686061933,210
"primary",20,"P",-0.0419296001815425,265
"primary",15,"P",-0.0250820635040332,89
"primary",17,"P",-0.0123205730290788,101
"primary",18,"P",-0.0175138094369662,319
"primary",1,"P",0.0260349232363684,58
"primary",2,"P",-0.0121554735001975,134
"primary",3,"P",0.00292853339770728,60
"primary",4,"P",-0.0120608608934024,60
"primary",5,"P",-0.115292529531031,47
"primary",6,"P",-0.00832520131717216,100
"primary",7,"P",-0.0255230312791497,125
"primary",8,"P",0.0225466394632719,96
"primary",19,"P",0.0154701952049015,82
"primary",21,"P",0.0320184553391921,82
"primary",10,"P",-0.0523332116145085,198
"primary",9,"P",-0.00530133597760399,143
"primary",16,"P",0.00945105159517763,47
"primary",14,"P",-0.00310893389401943,132
"primary",11,"P",-0.0197309858009138,49
"primary",12,"Pb",0.625,32
"primary",13,"Pb",0.690476190476191,210
"primary",20,"Pb",0.320754716981132,265
"primary",15,"Pb",0.370786516853933,89
"primary",17,"Pb",0.475247524752475,101
"primary",18,"Pb",0.42319749216301,319
"primary",1,"Pb",0.551724137931034,58
"primary",2,"Pb",0.470149253731343,134
"primary",3,"Pb",0.55,60
"primary",4,"Pb",0.45,60
"primary",5,"Pb",0.489361702127659,47
"primary",6,"Pb",0.44,100
"primary",7,"Pb",0.384,125
"primary",8,"Pb",0.59375,96
"primary",19,"Pb",0.621951219512195,82
"primary",21,"Pb",0.634146341463415,82
"primary",10,"Pb",0.368686868686869,198
"primary",9,"Pb",0.531468531468531,143
"primary",16,"Pb",0.595744680851064,47
"primary",14,"Pb",0.568181818181818,132
"primary",11,"Pb",0.428571428571428,49
"primary",12,"gender_D",0.0248644724451176,31
"primary",13,"gender_D",1.56599969062962e-05,209
"primary",20,"gender_D",0.00201508430931379,263
"primary",15,"gender_D",0.00881501257965217,90
"primary",17,"gender_D",0.00028818059755801,99
"primary",18,"gender_D",0.00200804681133626,325
"primary",1,"gender_D",-0.0162742581953698,59
"primary",2,"gender_D",-0.00695504992976731,134
"primary",3,"gender_D",-0.00463123845767892,60
"primary",4,"gender_D",-0.000654134279018995,60
"primary",5,"gender_D",0.11712734573788,46
"primary",6,"gender_D",0.00360822205968124,99
"primary",7,"gender_D",0.0175371394214036,126
"primary",8,"gender_D",-0.0198165454578215,96
"primary",19,"gender_D",-0.00633092301500005,84
"primary",21,"gender_D",-0.0140601635293771,81
"primary",10,"gender_D",0.0217081579931486,197
"primary",9,"gender_D",-0.030714639426036,140
"primary",16,"gender_D",-0.0269443816749503,48
"primary",14,"gender_D",-0.00367535812145698,133
"primary",11,"gender_D",-0.00413896611966464,48
"primary",12,"gender_Db",0.580645161290323,31
"primary",13,"gender_Db",0.4688995215311,209
"primary",20,"gender_Db",0.505703422053232,263
"primary",15,"gender_Db",0.477777777777778,90
"primary",17,"gender_Db",0.494949494949495,99
"primary",18,"gender_Db",0.507692307692308,325
"primary",1,"gender_Db",0.406779661016949,59
"primary",2,"gender_Db",0.462686567164179,134
"primary",3,"gender_Db",0.45,60
"primary",4,"gender_Db",0.483333333333333,60
"primary",5,"gender_Db",0.673913043478261,46
"primary",6,"gender_Db",0.505050505050505,99
"primary",7,"gender_Db",0.555555555555556,126
"primary",8,"gender_Db",0.40625,96
"primary",19,"gender_Db",0.452380952380952,84
"primary",21,"gender_Db",0.444444444444444,81
"primary",10,"gender_Db",0.527918781725888,197
"primary",9,"gender_Db",0.392857142857143,140
"primary",16,"gender_Db",0.375,48
"primary",14,"gender_Db",0.458646616541353,133
"primary",11,"gender_Db",0.416666666666667,48
"primary",12,"educ_D",-0.0110462987866834,26
"primary",13,"educ_D",0.0277984990593588,212
"primary",20,"educ_D",0.00767192250960287,265
"primary",15,"educ_D",0.0100070888575112,90
"primary",17,"educ_D",0.0334797201127943,98
"primary",18,"educ_D",0.00695019909884551,321
"primary",1,"educ_D",0.00157223637968876,58
"primary",2,"educ_D",-0.00374561296206517,132
"primary",3,"educ_D",0.00659675021811,59
"primary",4,"educ_D",0.0127791574279233,60
"primary",5,"educ_D",0.100156022752177,39
"primary",6,"educ_D",0.0186049824448525,100
"primary",7,"educ_D",0.0247866604586952,126
"primary",8,"educ_D",0.0027280324643552,95
"primary",19,"educ_D",0.00902038998116716,84
"primary",21,"educ_D",0.00483000511501071,83
"primary",10,"educ_D",0.0150150994193229,188
"primary",9,"educ_D",0.0014387025084132,132
"primary",16,"educ_D",-0.0231952832282971,44
"primary",14,"educ_D",0.0305851355752603,123
"primary",11,"educ_D",0.0318968337218337,50
"primary",12,"educ_Db",0.423076923076923,26
"primary",13,"educ_Db",0.589622641509434,212
"primary",20,"educ_Db",0.490566037735849,265
"primary",15,"educ_Db",0.633333333333333,90
"primary",17,"educ_Db",0.551020408163265,98
"primary",18,"educ_Db",0.504672897196262,321
"primary",1,"educ_Db",0.5,58
"primary",2,"educ_Db",0.5,132
"primary",3,"educ_Db",0.474576271186441,59
"primary",4,"educ_Db",0.6,60
"primary",5,"educ_Db",0.692307692307692,39
"primary",6,"educ_Db",0.61,100
"primary",7,"educ_Db",0.579365079365079,126
"primary",8,"educ_Db",0.557894736842105,95
"primary",19,"educ_Db",0.476190476190476,84
"primary",21,"educ_Db",0.530120481927711,83
"primary",10,"educ_Db",0.553191489361702,188
"primary",9,"educ_Db",0.522727272727273,132
"primary",16,"educ_Db",0.363636363636364,44
"primary",14,"educ_Db",0.666666666666667,123
"primary",11,"educ_Db",0.74,50
"primary",12,"income_D",0.062918325474129,28
"primary",13,"income_D",-0.00301298403790445,216
"primary",15,"income_D",0.0125841537324056,90
"primary",17,"income_D",-0.0301387513227632,96
"primary",2,"income_D",0.0129803318382221,130
"primary",4,"income_D",-0.00616671574782785,60
"primary",5,"income_D",0.00466524831551428,47
"primary",8,"income_D",0.000529609431747589,96
"primary",10,"income_D",0.0136644562084519,199
"primary",16,"income_D",-0.0216591255923783,48
"primary",14,"income_D",0.00692728117229285,134
"primary",12,"income_Db",0.642857142857143,28
"primary",13,"income_Db",0.467592592592593,216
"primary",15,"income_Db",0.588888888888889,90
"primary",17,"income_Db",0.427083333333333,96
"primary",2,"income_Db",0.546153846153846,130
"primary",4,"income_Db",0.516666666666667,60
"primary",5,"income_Db",0.468085106382979,47
"primary",8,"income_Db",0.520833333333333,96
"primary",10,"income_Db",0.517587939698492,199
"primary",16,"income_Db",0.333333333333333,48
"primary",14,"income_Db",0.514925373134328,134
"primary",12,"triple_D",-0.0328587962962963,15
"primary",13,"triple_D",0.00970311717198699,189
"primary",15,"triple_D",0.0128776119336787,78
"primary",17,"triple_D",0.0283241757473957,65
"primary",2,"triple_D",-0.0123686263296238,69
"primary",4,"triple_D",0.0147710351230191,56
"primary",5,"triple_D",0.0735020661157025,22
"primary",8,"triple_D",0.00318007329370967,66
"primary",10,"triple_D",0.0358135316361287,101
"primary",16,"triple_D",-0.0171869207543945,36
"primary",14,"triple_D",0.0227346627322248,125
"primary",12,"triple_Db",0.4,15
"primary",13,"triple_Db",0.53968253968254,189
"primary",15,"triple_Db",0.564102564102564,78
"primary",17,"triple_Db",0.507692307692308,65
"primary",2,"triple_Db",0.478260869565217,69
"primary",4,"triple_Db",0.571428571428572,56
"primary",5,"triple_Db",0.636363636363636,22
"primary",8,"triple_Db",0.515151515151515,66
"primary",10,"triple_Db",0.584158415841584,101
"primary",16,"triple_Db",0.472222222222222,36
"primary",14,"triple_Db",0.584,125
