path,before_sha256,after_sha256,identical,baseline_revision,candidate_revision
tabs/00_analysis_inventory.csv,7e2c89da7c71b357499b8787319e2d7e2c69a7640af833ab5bdc074783503de5,7e2c89da7c71b357499b8787319e2d7e2c69a7640af833ab5bdc074783503de5,TRUE,555b29d8dbd364c7f5048d3f32748fdb87e97bdb,896154a0a0b58e51a600075b76e0bbe60cc42e33
tabs/00_duplicate_audit.csv,f23037d96a77e70c800ce916fb423ee390aa2c2ecfed8522a425faf4e02a1749,f23037d96a77e70c800ce916fb423ee390aa2c2ecfed8522a425faf4e02a1749,TRUE,555b29d8dbd364c7f5048d3f32748fdb87e97bdb,896154a0a0b58e51a600075b76e0bbe60cc42e33
tabs/00_poll_inventory.csv,62d001400fa15eeb077eaaac738cc980ff4bd559b912f72a2d1774b64cab94bd,62d001400fa15eeb077eaaac738cc980ff4bd559b912f72a2d1774b64cab94bd,TRUE,555b29d8dbd364c7f5048d3f32748fdb87e97bdb,896154a0a0b58e51a600075b76e0bbe60cc42e33
tabs/02_table_2_hom_pol.csv,b982605f513a3c283975c944d8a60088da6bbe86b94306af5bfb46df92073b44,b982605f513a3c283975c944d8a60088da6bbe86b94306af5bfb46df92073b44,TRUE,555b29d8dbd364c7f5048d3f32748fdb87e97bdb,896154a0a0b58e51a600075b76e0bbe60cc42e33
tabs/02_table_2.csv,353b42634a635540c7a7fe49aa676adc28a3cb1e95e00c66ac79bebf99eb17ee,353b42634a635540c7a7fe49aa676adc28a3cb1e95e00c66ac79bebf99eb17ee,TRUE,555b29d8dbd364c7f5048d3f32748fdb87e97bdb,896154a0a0b58e51a600075b76e0bbe60cc42e33
tabs/03_dom_educ_by_group_issue.csv,3d8751202e4d3b14b233719e01d51cda8d592f31b215121315c92d21be55ff9b,3d8751202e4d3b14b233719e01d51cda8d592f31b215121315c92d21be55ff9b,TRUE,555b29d8dbd364c7f5048d3f32748fdb87e97bdb,896154a0a0b58e51a600075b76e0bbe60cc42e33
tabs/03_dom_gender_by_group_issue.csv,3a82e55d7085da6c92864c519609b30766ea19e68813ce445beedb63c3a9524b,3a82e55d7085da6c92864c519609b30766ea19e68813ce445beedb63c3a9524b,TRUE,555b29d8dbd364c7f5048d3f32748fdb87e97bdb,896154a0a0b58e51a600075b76e0bbe60cc42e33
tabs/03_dom_income_by_group_issue.csv,51090bf560f2505d3ea13dd343d6ac005e701856e89c5be918d0cf8f9bd422c9,51090bf560f2505d3ea13dd343d6ac005e701856e89c5be918d0cf8f9bd422c9,TRUE,555b29d8dbd364c7f5048d3f32748fdb87e97bdb,896154a0a0b58e51a600075b76e0bbe60cc42e33
tabs/03_dom_triple_by_group_issue.csv,ffd629a3a80c6ce301d45e30c73d039cc5693e0a3be2cc6ad28b6301e0be4718,ffd629a3a80c6ce301d45e30c73d039cc5693e0a3be2cc6ad28b6301e0be4718,TRUE,555b29d8dbd364c7f5048d3f32748fdb87e97bdb,896154a0a0b58e51a600075b76e0bbe60cc42e33
tabs/03_hom_pol_by_group_issue.csv,53dccb74e085282e9e1e00ec6f5bc53cceec28f554871d562471cddd510823c8,53dccb74e085282e9e1e00ec6f5bc53cceec28f554871d562471cddd510823c8,TRUE,555b29d8dbd364c7f5048d3f32748fdb87e97bdb,896154a0a0b58e51a600075b76e0bbe60cc42e33
tabs/03_table_3.csv,88ed36b00bf5aa3b04ac2c160e148289f8aaeaffab8f6dc9026d2455abeea5b1,88ed36b00bf5aa3b04ac2c160e148289f8aaeaffab8f6dc9026d2455abeea5b1,TRUE,555b29d8dbd364c7f5048d3f32748fdb87e97bdb,896154a0a0b58e51a600075b76e0bbe60cc42e33
tabs/04_table_4a_toward_female.csv,d1f51156f37443cd62dfbcad843d747bef85eee8769929faca57a0a8b852f2dc,d1f51156f37443cd62dfbcad843d747bef85eee8769929faca57a0a8b852f2dc,TRUE,555b29d8dbd364c7f5048d3f32748fdb87e97bdb,896154a0a0b58e51a600075b76e0bbe60cc42e33
tabs/04_table_4a_toward_male.csv,8201170298012f9175450b97e6cc202c45e4bfaf41f5f1ba2197d52b8c76970e,8201170298012f9175450b97e6cc202c45e4bfaf41f5f1ba2197d52b8c76970e,TRUE,555b29d8dbd364c7f5048d3f32748fdb87e97bdb,896154a0a0b58e51a600075b76e0bbe60cc42e33
tabs/04_table_4b_toward_highed.csv,6be6dda21f8ab7aa1c78c163ec47f64b38e92f0914d95f5b0fec529280f08be3,6be6dda21f8ab7aa1c78c163ec47f64b38e92f0914d95f5b0fec529280f08be3,TRUE,555b29d8dbd364c7f5048d3f32748fdb87e97bdb,896154a0a0b58e51a600075b76e0bbe60cc42e33
tabs/04_table_4b_toward_lowed.csv,f0fd98992fb764a7c34428d9f2663b9090b4e2e0d1277e714c3aba55d2795584,f0fd98992fb764a7c34428d9f2663b9090b4e2e0d1277e714c3aba55d2795584,TRUE,555b29d8dbd364c7f5048d3f32748fdb87e97bdb,896154a0a0b58e51a600075b76e0bbe60cc42e33
tabs/04_table_4c_toward_highinc.csv,7a4084f4f940f481c43d1a34e0512e1967c84bb072e5845832e9324123a2f68f,7a4084f4f940f481c43d1a34e0512e1967c84bb072e5845832e9324123a2f68f,TRUE,555b29d8dbd364c7f5048d3f32748fdb87e97bdb,896154a0a0b58e51a600075b76e0bbe60cc42e33
tabs/04_table_4c_toward_lowinc.csv,b6c7c0c2e8f5ad0ccbe5e646171e080074025425d0e251f9d3a56a0c5d91c1dc,b6c7c0c2e8f5ad0ccbe5e646171e080074025425d0e251f9d3a56a0c5d91c1dc,TRUE,555b29d8dbd364c7f5048d3f32748fdb87e97bdb,896154a0a0b58e51a600075b76e0bbe60cc42e33
tabs/04_table_4d_toward_triple_disadv.csv,8180a8e8fc30b6d6697fb20573ce33477309ed7dde4a66a929b667d1bc19b1ec,8180a8e8fc30b6d6697fb20573ce33477309ed7dde4a66a929b667d1bc19b1ec,TRUE,555b29d8dbd364c7f5048d3f32748fdb87e97bdb,896154a0a0b58e51a600075b76e0bbe60cc42e33
tabs/04_table_4d_toward_triple.csv,5318a626ca7104d8c09fd1be9c20559cda19835f9c3e16b719c9cd3eab1d2fd5,5318a626ca7104d8c09fd1be9c20559cda19835f9c3e16b719c9cd3eab1d2fd5,TRUE,555b29d8dbd364c7f5048d3f32748fdb87e97bdb,896154a0a0b58e51a600075b76e0bbe60cc42e33
tabs/05_attitude_change_by_group_issue.csv,1c9f5e1f9bc8731e22a4a1ba6595e57776b7a09738f8b890425f3ac8f2c18d79,1c9f5e1f9bc8731e22a4a1ba6595e57776b7a09738f8b890425f3ac8f2c18d79,TRUE,555b29d8dbd364c7f5048d3f32748fdb87e97bdb,896154a0a0b58e51a600075b76e0bbe60cc42e33
tabs/05_attitude_change_weighting.csv,fc4a34a864e3ec5b2ddaf40fa1e2d464acf83c4e8c09ed76e03810a60aef33d2,fc4a34a864e3ec5b2ddaf40fa1e2d464acf83c4e8c09ed76e03810a60aef33d2,TRUE,555b29d8dbd364c7f5048d3f32748fdb87e97bdb,896154a0a0b58e51a600075b76e0bbe60cc42e33
tabs/05_attitude_change.csv,2dca3e67e3cff139b71b39b112872e38de48f78755ee4ddd9ef48349bdc03e5a,2dca3e67e3cff139b71b39b112872e38de48f78755ee4ddd9ef48349bdc03e5a,TRUE,555b29d8dbd364c7f5048d3f32748fdb87e97bdb,896154a0a0b58e51a600075b76e0bbe60cc42e33
tabs/05_corr_hom_pol.csv,26ac5996daf55df4cc2f6fdf27e2a5e58cee23e6b89eb0a94996ac5b9201adf4,26ac5996daf55df4cc2f6fdf27e2a5e58cee23e6b89eb0a94996ac5b9201adf4,TRUE,555b29d8dbd364c7f5048d3f32748fdb87e97bdb,896154a0a0b58e51a600075b76e0bbe60cc42e33
tabs/05_corr_hpd.csv,cc4631941b38830dfb87ff1b4ba03e816d6d6fae4997a1337ed2cfeffc223b83,cc4631941b38830dfb87ff1b4ba03e816d6d6fae4997a1337ed2cfeffc223b83,TRUE,555b29d8dbd364c7f5048d3f32748fdb87e97bdb,896154a0a0b58e51a600075b76e0bbe60cc42e33
tabs/07_parsing_domination.csv,8c0d5469388dab09518cf4814bc2d8b26fbf35e2d7d997c4340a35aa14964081,8c0d5469388dab09518cf4814bc2d8b26fbf35e2d7d997c4340a35aa14964081,TRUE,555b29d8dbd364c7f5048d3f32748fdb87e97bdb,896154a0a0b58e51a600075b76e0bbe60cc42e33
tabs/09_frequency_comparison.csv,2b43bcff95cb94da48e9b37976ce809bd99b6d73f85ed0a47366eb292f1ab0ca,2b43bcff95cb94da48e9b37976ce809bd99b6d73f85ed0a47366eb292f1ab0ca,TRUE,555b29d8dbd364c7f5048d3f32748fdb87e97bdb,896154a0a0b58e51a600075b76e0bbe60cc42e33
tabs/09_paired_response_sensitivity.csv,d8d5aabcbd974603df272d7e31ebd142f65f67eb46a2306a9915026989bb0a26,d8d5aabcbd974603df272d7e31ebd142f65f67eb46a2306a9915026989bb0a26,TRUE,555b29d8dbd364c7f5048d3f32748fdb87e97bdb,896154a0a0b58e51a600075b76e0bbe60cc42e33
tabs/91_audit_comparison.csv,2960246ea8e1ea16f2460255fd112ffd7963b490f13ac2dc2fae86f677a26654,2960246ea8e1ea16f2460255fd112ffd7963b490f13ac2dc2fae86f677a26654,TRUE,555b29d8dbd364c7f5048d3f32748fdb87e97bdb,896154a0a0b58e51a600075b76e0bbe60cc42e33
tabs/92_full_audit.csv,e4514635be9fc7af754dfc4763b4a1dda6c0a876ee259e9ddbda6da8e06742ff,e4514635be9fc7af754dfc4763b4a1dda6c0a876ee259e9ddbda6da8e06742ff,TRUE,555b29d8dbd364c7f5048d3f32748fdb87e97bdb,896154a0a0b58e51a600075b76e0bbe60cc42e33
tabs/99_validation.csv,54c3d79f8aef2e2d3e6d670c15aa1fc09ac469dc903b5ef66e6701994e98b52d,54c3d79f8aef2e2d3e6d670c15aa1fc09ac469dc903b5ef66e6701994e98b52d,TRUE,555b29d8dbd364c7f5048d3f32748fdb87e97bdb,896154a0a0b58e51a600075b76e0bbe60cc42e33
