dimension,outcome,null,seed,identical,rows,baseline_revision,candidate_revision
hp,homoex,0,20260819,TRUE,2476,555b29d8dbd364c7f5048d3f32748fdb87e97bdb,896154a0a0b58e51a600075b76e0bbe60cc42e33
hp,homofreq,0.5,20260820,TRUE,2476,555b29d8dbd364c7f5048d3f32748fdb87e97bdb,896154a0a0b58e51a600075b76e0bbe60cc42e33
hp,polarex,0,20260821,TRUE,2429,555b29d8dbd364c7f5048d3f32748fdb87e97bdb,896154a0a0b58e51a600075b76e0bbe60cc42e33
hp,polarfreq,0.5,20260822,TRUE,2429,555b29d8dbd364c7f5048d3f32748fdb87e97bdb,896154a0a0b58e51a600075b76e0bbe60cc42e33
gender,ext_grp,0,20260820,TRUE,2428,555b29d8dbd364c7f5048d3f32748fdb87e97bdb,896154a0a0b58e51a600075b76e0bbe60cc42e33
gender,freqgrp_grp,0.5,20260821,TRUE,2428,555b29d8dbd364c7f5048d3f32748fdb87e97bdb,896154a0a0b58e51a600075b76e0bbe60cc42e33
educ,ext_grp,0,20260822,TRUE,2385,555b29d8dbd364c7f5048d3f32748fdb87e97bdb,896154a0a0b58e51a600075b76e0bbe60cc42e33
educ,freqgrp_grp,0.5,20260823,TRUE,2385,555b29d8dbd364c7f5048d3f32748fdb87e97bdb,896154a0a0b58e51a600075b76e0bbe60cc42e33
income,ext_grp,0,20260824,TRUE,1144,555b29d8dbd364c7f5048d3f32748fdb87e97bdb,896154a0a0b58e51a600075b76e0bbe60cc42e33
income,freqgrp_grp,0.5,20260825,TRUE,1144,555b29d8dbd364c7f5048d3f32748fdb87e97bdb,896154a0a0b58e51a600075b76e0bbe60cc42e33
triple,ext_grp,0,20260826,TRUE,822,555b29d8dbd364c7f5048d3f32748fdb87e97bdb,896154a0a0b58e51a600075b76e0bbe60cc42e33
triple,freqgrp_grp,0.5,20260827,TRUE,822,555b29d8dbd364c7f5048d3f32748fdb87e97bdb,896154a0a0b58e51a600075b76e0bbe60cc42e33
