model,rows,identical,baseline_revision,candidate_revision
mean:hp:homoex,2476,TRUE,555b29d8dbd364c7f5048d3f32748fdb87e97bdb,896154a0a0b58e51a600075b76e0bbe60cc42e33
mean:hp:homofreq,2476,TRUE,555b29d8dbd364c7f5048d3f32748fdb87e97bdb,896154a0a0b58e51a600075b76e0bbe60cc42e33
mean:hp:polarex,2429,TRUE,555b29d8dbd364c7f5048d3f32748fdb87e97bdb,896154a0a0b58e51a600075b76e0bbe60cc42e33
mean:hp:polarfreq,2429,TRUE,555b29d8dbd364c7f5048d3f32748fdb87e97bdb,896154a0a0b58e51a600075b76e0bbe60cc42e33
mean:gender:ext_grp,2428,TRUE,555b29d8dbd364c7f5048d3f32748fdb87e97bdb,896154a0a0b58e51a600075b76e0bbe60cc42e33
mean:gender:ext_dis,2425,TRUE,555b29d8dbd364c7f5048d3f32748fdb87e97bdb,896154a0a0b58e51a600075b76e0bbe60cc42e33
mean:gender:ext_adv,2419,TRUE,555b29d8dbd364c7f5048d3f32748fdb87e97bdb,896154a0a0b58e51a600075b76e0bbe60cc42e33
mean:gender:freqgrp_grp,2428,TRUE,555b29d8dbd364c7f5048d3f32748fdb87e97bdb,896154a0a0b58e51a600075b76e0bbe60cc42e33
mean:gender:freqdis_grp,2425,TRUE,555b29d8dbd364c7f5048d3f32748fdb87e97bdb,896154a0a0b58e51a600075b76e0bbe60cc42e33
mean:gender:freqadv_grp,2419,TRUE,555b29d8dbd364c7f5048d3f32748fdb87e97bdb,896154a0a0b58e51a600075b76e0bbe60cc42e33
parsing:gender:ext_dis,2425,TRUE,555b29d8dbd364c7f5048d3f32748fdb87e97bdb,896154a0a0b58e51a600075b76e0bbe60cc42e33
parsing:gender:ext_grp,2428,TRUE,555b29d8dbd364c7f5048d3f32748fdb87e97bdb,896154a0a0b58e51a600075b76e0bbe60cc42e33
mean:educ:ext_grp,2385,TRUE,555b29d8dbd364c7f5048d3f32748fdb87e97bdb,896154a0a0b58e51a600075b76e0bbe60cc42e33
mean:educ:ext_dis,2385,TRUE,555b29d8dbd364c7f5048d3f32748fdb87e97bdb,896154a0a0b58e51a600075b76e0bbe60cc42e33
mean:educ:ext_adv,2383,TRUE,555b29d8dbd364c7f5048d3f32748fdb87e97bdb,896154a0a0b58e51a600075b76e0bbe60cc42e33
mean:educ:freqgrp_grp,2385,TRUE,555b29d8dbd364c7f5048d3f32748fdb87e97bdb,896154a0a0b58e51a600075b76e0bbe60cc42e33
mean:educ:freqdis_grp,2385,TRUE,555b29d8dbd364c7f5048d3f32748fdb87e97bdb,896154a0a0b58e51a600075b76e0bbe60cc42e33
mean:educ:freqadv_grp,2383,TRUE,555b29d8dbd364c7f5048d3f32748fdb87e97bdb,896154a0a0b58e51a600075b76e0bbe60cc42e33
parsing:educ:ext_dis,2385,TRUE,555b29d8dbd364c7f5048d3f32748fdb87e97bdb,896154a0a0b58e51a600075b76e0bbe60cc42e33
parsing:educ:ext_grp,2385,TRUE,555b29d8dbd364c7f5048d3f32748fdb87e97bdb,896154a0a0b58e51a600075b76e0bbe60cc42e33
mean:income:ext_grp,1144,TRUE,555b29d8dbd364c7f5048d3f32748fdb87e97bdb,896154a0a0b58e51a600075b76e0bbe60cc42e33
mean:income:ext_dis,1144,TRUE,555b29d8dbd364c7f5048d3f32748fdb87e97bdb,896154a0a0b58e51a600075b76e0bbe60cc42e33
mean:income:ext_adv,1144,TRUE,555b29d8dbd364c7f5048d3f32748fdb87e97bdb,896154a0a0b58e51a600075b76e0bbe60cc42e33
mean:income:freqgrp_grp,1144,TRUE,555b29d8dbd364c7f5048d3f32748fdb87e97bdb,896154a0a0b58e51a600075b76e0bbe60cc42e33
mean:income:freqdis_grp,1144,TRUE,555b29d8dbd364c7f5048d3f32748fdb87e97bdb,896154a0a0b58e51a600075b76e0bbe60cc42e33
mean:income:freqadv_grp,1144,TRUE,555b29d8dbd364c7f5048d3f32748fdb87e97bdb,896154a0a0b58e51a600075b76e0bbe60cc42e33
parsing:income:ext_dis,1144,TRUE,555b29d8dbd364c7f5048d3f32748fdb87e97bdb,896154a0a0b58e51a600075b76e0bbe60cc42e33
parsing:income:ext_grp,1144,TRUE,555b29d8dbd364c7f5048d3f32748fdb87e97bdb,896154a0a0b58e51a600075b76e0bbe60cc42e33
mean:triple:ext_grp,822,TRUE,555b29d8dbd364c7f5048d3f32748fdb87e97bdb,896154a0a0b58e51a600075b76e0bbe60cc42e33
mean:triple:ext_dis,822,TRUE,555b29d8dbd364c7f5048d3f32748fdb87e97bdb,896154a0a0b58e51a600075b76e0bbe60cc42e33
mean:triple:ext_adv,812,TRUE,555b29d8dbd364c7f5048d3f32748fdb87e97bdb,896154a0a0b58e51a600075b76e0bbe60cc42e33
mean:triple:freqgrp_grp,822,TRUE,555b29d8dbd364c7f5048d3f32748fdb87e97bdb,896154a0a0b58e51a600075b76e0bbe60cc42e33
mean:triple:freqdis_grp,822,TRUE,555b29d8dbd364c7f5048d3f32748fdb87e97bdb,896154a0a0b58e51a600075b76e0bbe60cc42e33
mean:triple:freqadv_grp,812,TRUE,555b29d8dbd364c7f5048d3f32748fdb87e97bdb,896154a0a0b58e51a600075b76e0bbe60cc42e33
parsing:triple:ext_dis,822,TRUE,555b29d8dbd364c7f5048d3f32748fdb87e97bdb,896154a0a0b58e51a600075b76e0bbe60cc42e33
parsing:triple:ext_grp,822,TRUE,555b29d8dbd364c7f5048d3f32748fdb87e97bdb,896154a0a0b58e51a600075b76e0bbe60cc42e33
