"scenario","dimension","measure","estimate","se","df","conf_low","conf_high","p","participants","n_pairs","n_polls"
"historical_flags","educ","D",0.0129615465031466,0.00325292489758147,14.0037996095966,0.0059848940764488,0.0199381989298445,0.00135578146539949,5824,2378,21
"historical_flags","educ","Db",0.540370058873002,0.0115023300033166,14.0037996095966,0.515700642560938,0.565039475185067,0.00346623481207803,5824,2378,21
"historical_flags","income","D",0.00285720513276589,0.00457003785651752,7.38698832656525,-0.00783550563202353,0.0135499158975553,0.550656154718535,5824,1142,11
"historical_flags","income","Db",0.505253940455342,0.0169917492133711,7.38698832656525,0.465497626518619,0.545010254392064,0.765705378269412,5824,1142,11
"historical_flags","triple","D",0.0144958068842034,0.00647478438634336,7.51475363738805,-0.000604568135147631,0.0295961819035545,0.0576266570028519,5824,982,11
"historical_flags","triple","Db",0.527494908350306,0.0151729955412841,7.51475363738805,0.492108722622857,0.562881094077754,0.10995405079144,5824,982,11
"current_flags","educ","D",0.0136104676822422,0.0031206453917468,13.7259382452842,0.00690478966812664,0.0203161456963578,0.000681154490360396,5824,2385,21
"current_flags","educ","Db",0.546750524109015,0.0147439917775834,13.7259382452842,0.515068468286613,0.578432579931417,0.00694901752937978,5824,2385,21
"current_flags","income","D",0.0030992623029114,0.00448392877477627,7.39218938950599,-0.00739056870347019,0.013589093309293,0.510561333390347,5824,1144,11
"current_flags","income","Db",0.502622377622378,0.0159971009378863,7.39218938950599,0.465198302919311,0.540046452325444,0.87418022344986,5824,1144,11
"current_flags","triple","D",0.0143886566753808,0.00493622489538859,6.91041230562387,0.00268559375656538,0.0260917195941961,0.0228285717078788,5824,822,11
"current_flags","triple","Db",0.543795620437956,0.0123459547431699,6.91041230562387,0.514525178305722,0.57306606257019,0.00957810611883126,5824,822,11
