"poll_id","field","participants","matched_people","unchanged_unmatched_people","changed","historical_missing","current_missing","missingness_changed"
"uk-eu-1995","bettered",220,220,0,0,6,6,0
"uk-health-1998","bettered",228,228,0,70,2,2,0
"uk-monarchy-1996","bettered",258,258,0,0,0,0,0
"uk-general-election-1997","bettered",275,275,0,0,1,1,0
"australia-republic-1999","bettered",347,347,0,141,0,0,0
"uk-crime-1994","bettered",299,299,0,0,0,0,0
"tomorrows-europe-2007","bettered",332,332,0,55,18,1,17
"cpl-1996","bettered",216,216,0,63,3,3,0
"zeguo-2005","bettered",233,233,0,0,28,28,0
"bulgaria-crime-2002","bettered",278,278,0,0,1,1,0
"europolis-2009","bettered",348,348,0,0,13,13,0
"new-haven-2004","bettered",131,131,0,37,0,0,0
"nic2-2003","bettered",340,340,0,112,0,0,0
"btp-national-2003","bettered",244,244,0,84,0,0,0
"btp-general-election-2004","bettered",248,246,2,87,0,0,0
"btp-presidential-primaries-2004","bettered",217,217,0,59,0,0,0
"san-mateo-2008","bettered",238,238,0,49,3,3,0
"btp-health-education-2005","bettered",454,454,0,0,2,2,0
"wtu-1996","bettered",230,230,0,81,1,1,0
"nic-1996","bettered",456,456,0,123,2,2,0
"swepco-1996","bettered",232,232,0,78,1,1,0
"uk-eu-1995","highinc",220,220,0,0,220,220,0
"uk-health-1998","highinc",228,228,0,0,24,24,0
"uk-monarchy-1996","highinc",258,258,0,0,258,258,0
"uk-general-election-1997","highinc",275,275,0,0,24,24,0
"australia-republic-1999","highinc",347,347,0,0,33,33,0
"uk-crime-1994","highinc",299,299,0,0,299,299,0
"tomorrows-europe-2007","highinc",332,332,0,0,332,332,0
"cpl-1996","highinc",216,216,0,37,18,18,0
"zeguo-2005","highinc",233,233,0,0,233,233,0
"bulgaria-crime-2002","highinc",278,278,0,109,5,5,0
"europolis-2009","highinc",348,348,0,0,348,348,0
"new-haven-2004","highinc",131,131,0,11,25,25,0
"nic2-2003","highinc",340,340,0,0,24,24,0
"btp-national-2003","highinc",244,244,0,0,0,0,0
"btp-general-election-2004","highinc",248,246,2,0,6,6,0
"btp-presidential-primaries-2004","highinc",217,217,0,0,0,0,0
"san-mateo-2008","highinc",238,238,0,0,59,59,0
"btp-health-education-2005","highinc",454,454,0,0,454,454,0
"wtu-1996","highinc",230,230,0,0,230,230,0
"nic-1996","highinc",456,456,0,0,456,456,0
"swepco-1996","highinc",232,232,0,0,232,232,0
