"dpnum","field","changed","missing_changed"
1,"female",0,0
2,"female",0,0
3,"female",0,0
4,"female",0,0
5,"female",0,0
6,"female",0,0
7,"female",0,0
8,"female",0,0
9,"female",0,0
10,"female",0,0
11,"female",0,0
12,"female",0,0
13,"female",0,0
14,"female",0,0
15,"female",0,0
16,"female",0,0
17,"female",0,0
18,"female",2,2
19,"female",0,0
20,"female",0,0
21,"female",0,0
1,"bettered",0,0
2,"bettered",70,0
3,"bettered",0,0
4,"bettered",0,0
5,"bettered",141,0
6,"bettered",0,0
7,"bettered",55,17
8,"bettered",63,0
9,"bettered",0,0
10,"bettered",0,0
11,"bettered",0,0
12,"bettered",37,0
13,"bettered",112,0
14,"bettered",84,0
15,"bettered",87,0
16,"bettered",59,0
17,"bettered",49,0
18,"bettered",0,0
19,"bettered",81,0
20,"bettered",125,0
21,"bettered",78,0
1,"highinc",0,0
2,"highinc",0,0
3,"highinc",0,0
4,"highinc",0,0
5,"highinc",0,0
6,"highinc",0,0
7,"highinc",0,0
8,"highinc",37,0
9,"highinc",0,0
10,"highinc",109,0
11,"highinc",0,0
12,"highinc",11,0
13,"highinc",0,0
14,"highinc",0,0
15,"highinc",0,0
16,"highinc",0,0
17,"highinc",0,0
18,"highinc",0,0
19,"highinc",0,0
20,"highinc",0,0
21,"highinc",0,0
1,"hhincome",0,0
2,"hhincome",118,0
3,"hhincome",0,0
4,"hhincome",0,0
5,"hhincome",0,0
6,"hhincome",0,0
7,"hhincome",0,0
8,"hhincome",0,0
9,"hhincome",0,0
10,"hhincome",0,0
11,"hhincome",0,0
12,"hhincome",0,0
13,"hhincome",0,0
14,"hhincome",0,0
15,"hhincome",0,0
16,"hhincome",0,0
17,"hhincome",0,0
18,"hhincome",0,0
19,"hhincome",0,0
20,"hhincome",0,0
21,"hhincome",0,0
