"pollname","pollnum","ngroups","nindices","n_pairs","n_h","n_p","homofreq","homoex","polarfreq","polarex"
"UK EU",1,15,4,60,60,58,0.266666666666667,-0.0237032431519557,0.551724137931034,0.0260349232363685
"UK Health",2,15,9,135,135,134,0.555555555555556,0.0123242848342544,0.470149253731343,-0.0121554735001975
"UK Monarchy",3,15,4,60,60,60,0.566666666666667,0.0213214982427488,0.55,0.00292853339770726
"UK General Election",4,15,4,60,60,60,0.7,0.0262570218632976,0.45,-0.0120608608934024
"Australia Republic Referendum",5,24,2,48,48,47,0.645833333333333,0.0262346669670651,0.48936170212766,-0.115292529531031
"UK Crime",6,20,5,100,100,100,0.53,0.00243771027623169,0.44,-0.00832520131717216
"Tomorrow's Europe (EU)",7,18,7,126,126,125,0.73015873015873,0.0305896391112778,0.384,-0.0255230312791497
"Central Power & Light",8,16,6,96,96,96,0.666666666666667,0.0205659983412845,0.59375,0.0225466394632718
"Zeguo Township",9,16,9,144,144,143,0.715277777777778,0.0439816916828713,0.531468531468531,-0.00530133597760399
"Bulgarian National",10,17,12,204,204,198,0.514705882352941,0.0161960724131495,0.368686868686869,-0.0523332116145085
"Europolis",11,25,2,50,50,49,0.56,0.00581462308121043,0.428571428571429,-0.0197309858009138
"New Haven, CT",12,16,2,32,32,32,0.53125,-0.0120901085095914,0.625,0.0334097543081918
"National Issues Convention 2",13,24,9,216,216,210,0.694444444444444,0.0224577366034438,0.69047619047619,0.021046686061933
"By the People: National",14,15,9,135,135,132,0.548148148148148,0.00635305405720653,0.568181818181818,-0.00310893389401944
"By the People 2004 US General Election",15,15,6,90,90,89,0.577777777777778,0.0139254674121729,0.370786516853933,-0.0250820635040332
"By the People 2004 US Presidential Primaries",16,16,3,48,48,47,0.479166666666667,0.00330665219105742,0.595744680851064,0.00945105159517764
"San Mateo, CA",17,26,4,104,104,101,0.663461538461538,0.0306093402690303,0.475247524752475,-0.0123205730290788
"By the People: Health and Education",18,30,11,330,330,319,0.53030303030303,0.00364346633549083,0.423197492163009,-0.0175138094369662
"West Texas Utilities",19,14,6,84,84,82,0.738095238095238,0.0306996699180413,0.621951219512195,0.0154701952049015
"National Issues Convention",20,30,9,270,270,265,0.540740740740741,0.00859649253501287,0.320754716981132,-0.0419296001815425
"Southwestern Electric Power",21,14,6,84,84,82,0.666666666666667,0.0314360268721121,0.634146341463415,0.0320184553391922
"Pair Mean (Actual Pairs)",NA,396,129,2476,2476,2429,0.59248788368336,0.0157576260528742,0.481268011527378,-0.0126755571925563
