"pollname","pollnum","ngroups","nindices","n_pairs","n_dis","n_group","freqdis","extdis","freqgrp","extgrp"
"UK EU",1,15,4,60,59,59,0.440677966101695,0.000122186350999904,0.406779661016949,-0.0162742581953699
"UK Health",2,15,9,135,134,134,0.597014925373134,0.0257815966164847,0.462686567164179,-0.00695504992976733
"UK Monarchy",3,15,4,60,60,60,0.516666666666667,0.0203913764035694,0.45,-0.00463123845767894
"UK General Election",4,15,4,60,60,60,0.5,0.0204774341440307,0.483333333333333,-0.000654134279019005
"Australia Republic Referendum",5,24,2,48,46,46,0.695652173913043,0.155604243783592,0.673913043478261,0.11712734573788
"UK Crime",6,20,5,100,99,99,0.535353535353535,0.0133081400471823,0.505050505050505,0.00360822205968123
"Tomorrow's Europe (EU)",7,18,7,126,126,126,0.650793650793651,0.0640137987012987,0.555555555555556,0.0175371394214035
"Central Power & Light",8,16,6,96,96,96,0.541666666666667,0.0252359202645889,0.40625,-0.0198165454578215
"Zeguo Township",9,16,9,144,137,140,0.569343065693431,0.07846931809949,0.392857142857143,-0.030714639426036
"Bulgarian National",10,17,12,204,197,197,0.644670050761421,0.103779867787268,0.527918781725888,0.0217081579931486
"Europolis",11,25,2,50,48,48,0.583333333333333,0.0405071924603175,0.416666666666667,-0.00413896611966464
"New Haven, CT",12,16,2,32,31,31,0.612903225806452,0.0441868279569892,0.580645161290323,0.0248644724451176
"National Issues Convention 2",13,24,9,216,209,209,0.555023923444976,0.0276546622425802,0.4688995215311,1.56599969062995e-05
"By the People: National",14,15,9,135,133,133,0.601503759398496,0.0259835989620297,0.458646616541353,-0.00367535812145695
"By the People 2004 US General Election",15,15,6,90,90,90,0.577777777777778,0.0285571440924094,0.477777777777778,0.00881501257965218
"By the People 2004 US Presidential Primaries",16,16,3,48,48,48,0.520833333333333,-0.00524077957327277,0.375,-0.0269443816749503
"San Mateo, CA",17,26,4,100,99,99,0.606060606060606,0.0650986180684373,0.494949494949495,0.000288180597557995
"By the People: Health and Education",18,30,11,330,325,325,0.56,0.0256018498672819,0.507692307692308,0.00200804681133626
"West Texas Utilities",19,14,6,84,84,84,0.55952380952381,0.0288384114464442,0.452380952380952,-0.00633092301500001
"National Issues Convention",20,30,9,270,263,263,0.566539923954373,0.0432820875786655,0.505703422053232,0.00201508430931379
"Southwestern Electric Power",21,14,6,84,81,81,0.506172839506173,0.0222563110349707,0.444444444444444,-0.0140601635293772
"Pair Mean (Actual Pairs)",NA,395,129,2472,2425,2428,0.57319587628866,0.0417792976811348,0.481878088962109,0.00121358372642611
