"measure","sample","estimate","se","df","conf_low","conf_high","p","n_pairs","n_polls"
"H","available",0.0157576260528742,0.00323223864040949,13.8294838354172,0.00881713595880474,0.0226981161469436,0.000254140427848142,2476,21
"H","paired",0.0151157848583348,0.00341158697280841,13.8294838354172,0.00779018541347659,0.0224413843031931,0.00058663315897661,2476,21
"P","available",-0.0126755571925563,0.00668683230090686,13.9325751150381,-0.0270239001937644,0.00167278580865182,0.0789493044801997,2429,21
"P","paired",-0.0126528320050656,0.00664784403750806,13.981892658638,-0.0269127719310403,0.00160710792090909,0.0777939475590394,2426,21
"D_gender","available",0.00121358372642609,0.00379265341608067,13.8707845287914,-0.0069279637583385,0.00935513121119068,0.753750399608485,2428,21
"D_gender","paired",0.00119036703260548,0.00342938172426621,13.9883531332571,-0.00616549981987318,0.00854623388508414,0.733676707804205,2396,21
"D_educ","available",0.0136104676822423,0.0031206453917468,13.7259382452842,0.00690478966812665,0.0203161456963579,0.00068115449036039,2385,21
"D_educ","paired",0.0133331895843649,0.00309253628311282,13.8308097664196,0.00669273873544751,0.0199736404332824,0.000736952714346461,2373,21
"D_income","available",0.00309926230291138,0.00448392877477627,7.39218938950599,-0.0073905687034702,0.013589093309293,0.510561333390349,1144,11
"D_income","paired",0.00271032873744257,0.00458672473379381,7.39218938950599,-0.0080199860706218,0.0134406435455069,0.572200610051776,1144,11
"D_triple","available",0.0143886566753808,0.00493622489538859,6.91041230562387,0.00268559375656539,0.0260917195941962,0.0228285717078788,822,11
"D_triple","paired",0.0140089170004228,0.00547696240154115,6.91436902084521,0.0010253736750306,0.026992460325815,0.0380658592330437,810,11
