"path","producer","exists","sha256"
"tabs/00_analysis_inventory.csv","scripts/00_inventory.R",TRUE,"7e2c89da7c71b357499b8787319e2d7e2c69a7640af833ab5bdc074783503de5"
"tabs/00_poll_inventory.csv","scripts/00_inventory.R",TRUE,"62d001400fa15eeb077eaaac738cc980ff4bd559b912f72a2d1774b64cab94bd"
"tabs/03_hom_pol_by_group_issue.csv","scripts/01_hom_pol.R",TRUE,"53dccb74e085282e9e1e00ec6f5bc53cceec28f554871d562471cddd510823c8"
"tabs/03_dom_gender_by_group_issue.csv","scripts/02_domination.R",TRUE,"3a82e55d7085da6c92864c519609b30766ea19e68813ce445beedb63c3a9524b"
"tabs/03_dom_educ_by_group_issue.csv","scripts/02_domination.R",TRUE,"3d8751202e4d3b14b233719e01d51cda8d592f31b215121315c92d21be55ff9b"
"tabs/03_dom_income_by_group_issue.csv","scripts/02_domination.R",TRUE,"51090bf560f2505d3ea13dd343d6ac005e701856e89c5be918d0cf8f9bd422c9"
"tabs/03_dom_triple_by_group_issue.csv","scripts/02_domination.R",TRUE,"ffd629a3a80c6ce301d45e30c73d039cc5693e0a3be2cc6ad28b6301e0be4718"
"tabs/02_table_2.csv","scripts/03_se.R",TRUE,"353b42634a635540c7a7fe49aa676adc28a3cb1e95e00c66ac79bebf99eb17ee"
"tabs/03_table_3.csv","scripts/03_se.R",TRUE,"88ed36b00bf5aa3b04ac2c160e148289f8aaeaffab8f6dc9026d2455abeea5b1"
"tabs/05_corr_hpd.csv","scripts/04_corr_parsing.R",TRUE,"cc4631941b38830dfb87ff1b4ba03e816d6d6fae4997a1337ed2cfeffc223b83"
"tabs/07_parsing_domination.csv","scripts/04_corr_parsing.R",TRUE,"8c0d5469388dab09518cf4814bc2d8b26fbf35e2d7d997c4340a35aa14964081"
"tabs/05_attitude_change.csv","scripts/05_attitude_change.R",TRUE,"2dca3e67e3cff139b71b39b112872e38de48f78755ee4ddd9ef48349bdc03e5a"
"tabs/05_attitude_change_weighting.csv","scripts/05_attitude_change.R",TRUE,"fc4a34a864e3ec5b2ddaf40fa1e2d464acf83c4e8c09ed76e03810a60aef33d2"
"tabs/09_paired_response_sensitivity.csv","scripts/09_sensitivity.R",TRUE,"d8d5aabcbd974603df272d7e31ebd142f65f67eb46a2306a9915026989bb0a26"
"tabs/09_frequency_comparison.csv","scripts/09_sensitivity.R",TRUE,"2b43bcff95cb94da48e9b37976ce809bd99b6d73f85ed0a47366eb292f1ab0ca"
"figs/figure_manifest.csv","scripts/06_figs.R",TRUE,"dba02dfcc6b1e5354212f7c505c4b9c02fe3f9fcee7384440d6ccc5391326bbf"
"tabs/99_validation.csv","scripts/07_validate.R",TRUE,"54c3d79f8aef2e2d3e6d670c15aa1fc09ac469dc903b5ef66e6701994e98b52d"
