"source_id","repository","revision","path","official_url","editable","sha256"
"paper_vor","soodoku/dp-distortions",NA,"deliberative-distortions-homogenization-polarization-and-domination-in-small-group-discussions.pdf","https://doi.org/10.1017/S0007123421000168",FALSE,"a2b6000b2b9183d87b67c520a61d4e30e91122d3264358e25c4adb3b2b94dfe2"
"participant_data","soodoku/dp-data","bce1e0e3aea578b71090dde5348ca66ccb778048","evidence/benchmarks/polardata.tab",NA,FALSE,"98153f8fcde1d9c2bcb56b6179d66210834ab344790c835ddcf5f1f1039b448a"
"index_dictionary","soodoku/dp-data","bce1e0e3aea578b71090dde5348ca66ccb778048","evidence/benchmarks/attitude-indices.tab",NA,FALSE,"e849d6a0926712e0193d2f1d7fecd17352170c510fa9c995529566162a206e4a"
"corrected_participant_data","soodoku/dp-data","896154a0a0b58e51a600075b76e0bbe60cc42e33","output/polardata/polardata.parquet",NA,FALSE,"6f6e4ab51ece4ebdbfd95a8da6f06c3c1f26ccd73d8a778a24fed6c8e18d1675"
"corrected_index_dictionary","soodoku/dp-data","896154a0a0b58e51a600075b76e0bbe60cc42e33","output/polardata/attitude-indices.parquet",NA,FALSE,"280b6c41276fdc583a01ab83e3dbf8d4f2bef93a6527eb8f322a45b26ce98f65"
"analysis_participants","soodoku/dp-data","896154a0a0b58e51a600075b76e0bbe60cc42e33","output/analysis/analysis_participants.parquet",NA,FALSE,"ea9c732bfeb76801461399d1041cc632dd53e72526fe306e8623a6615d036a71"
"analysis_attitudes","soodoku/dp-data","896154a0a0b58e51a600075b76e0bbe60cc42e33","output/analysis/analysis_attitudes.parquet",NA,FALSE,"88b05629f54c5a8df6c83d3ef40e430e69bcc667c1d83d9d41bb5e24eb86eb70"
"respondent_measures","soodoku/dp-data","896154a0a0b58e51a600075b76e0bbe60cc42e33","output/respondent/respondent_measures.parquet",NA,FALSE,"59e7c5aea39013adb3dd2b91baff6a1a1bc0c03f9a931d990125dc6877c328a6"
"polardata_targets","soodoku/dp-data","896154a0a0b58e51a600075b76e0bbe60cc42e33","metadata/polardata_targets.csv",NA,FALSE,"e1ae204876709c456f84c41c949e9630f0cc848979ce6b3bb3cde5429eaeb6c0"
"measure_definitions","soodoku/dp-data","896154a0a0b58e51a600075b76e0bbe60cc42e33","metadata/measure_definitions.csv",NA,FALSE,"b5b7a549462a63ed46154c540675bf63e65894943f0ee6173f4d146291f9e5be"
"respondent_sources","soodoku/dp-data","896154a0a0b58e51a600075b76e0bbe60cc42e33","metadata/respondent_sources.csv",NA,FALSE,"09f380de0b33b80887b2f5b7b0df35338d6bafe08638beab15fb0b30b9302ce7"
"package_lock","soodoku/dp-distortions",NA,"renv.lock",NA,TRUE,"b77ddd2b1365c7b3d00c3c866a55a826490ffbfe46b3053a479c673dded427e4"
